100,100,77.4385,7.83,-0.0986111,0
100,100,77.4385,7.83,-0.0986111,0
100,100,77.4385,7.83,-0.0986111,0
100,100,77.4385,7.83,-0.0986111,0
100,100,77.4385,7.83,-0.0986111,0
100,100,77.4385,7.83,-0.0986111,0
100,100,77.4385,7.83,-0.0986111,1
100,100,77.8041,7.81809,-0.0986111,0
100,100,78.4266,7.81412,-0.0987618,0
100,100,78.4093,7.81412,-0.0988121,0
100,100,78.4031,7.81412,-0.0988121,0
100,100,78.3999,7.81412,-0.0988121,1
100,100,100,7.80619,-0.0988121,1
100,100,100,7.79428,-0.0989128,1
100,100,100,7.78237,-0.0990644,1
100,100,100,7.77032,-0.0992165,1
100,100,100,7.75444,-0.099371,1
100,100,100,7.74253,-0.0995751,1
100,100,100,7.73063,-0.0997287,1
100,100,100,7.71857,-0.0998827,1
100,100,100,7.70667,-0.100039,1
100,100,100,7.69476,-0.100194,1
100,100,100,7.68286,-0.10035,1
100,100,100,7.6708,-0.100506,1
100,100,100,7.65493,-0.100664,1
100,100,100,7.64302,-0.100874,1
100,100,100,7.63112,-0.101031,1
100,100,100,7.61906,-0.10119,1
100,100,100,7.60716,-0.10135,1
100,100,100,7.59526,-0.101509,1
100,100,100,7.58335,-0.101669,1
100,100,100,7.56733,-0.101829,1
100,100,100,7.55543,-0.102046,1
100,100,100,7.54352,-0.102207,1
100,100,100,7.53162,-0.102369,1
100,100,100,7.51972,-0.102531,1
100,100,100,7.50766,-0.102694,3
100,100,100,7.50353,-0.0372808,0
100,100,100,7.50345,-0.00428609,0
100,100,100,7.50345,-0.00430187,0
100,100,100,7.50345,-0.00430705,0
100,100,100,7.50345,-0.00430977,0
100,100,100,7.50345,-0.00431123,0
100,100,100,7.50345,-0.00431204,0
100,100,100,7.50345,-0.0043125,0
100,100,100,7.50345,-0.00431277,3
100,100,100,7.5033,0.0613428,0
100,100,52.2206,7.50322,0.0942416,0
100,100,52.2252,7.50322,0.0942317,0
100,100,52.2274,7.50322,0.0942263,0
100,100,52.2285,7.50322,0.0942235,1
100,100,100,7.49528,0.0964819,0
100,100,100,7.49131,0.0965838,0
100,100,100,7.49131,0.0966394,0
100,100,100,7.49131,0.09664,0
100,100,100,7.49131,0.09664,1
100,100,100,7.48337,0.0987436,1
100,100,100,7.47139,0.0988605,1
100,100,100,7.45948,0.0990223,1
100,100,100,7.4475,0.0991801,1
100,100,100,7.43559,0.0993454,1
100,100,100,7.42369,0.0995173,1
100,100,100,7.40774,0.0996959,1
100,100,100,7.39576,0.0999181,1
100,100,100,7.38385,0.100079,1
100,100,100,7.37195,0.100239,1
100,100,100,7.35997,0.100403,1
100,100,100,7.34806,0.100575,1
100,100,100,7.33608,0.100752,1
100,100,100,7.32021,0.100934,1
100,100,100,7.30823,0.10116,1
100,100,100,7.29633,0.101325,1
100,100,100,7.28435,0.101492,1
100,100,100,7.27244,0.101668,1
100,100,100,7.26046,0.10185,1
100,100,100,7.24856,0.10203,1
100,100,100,7.23261,0.102203,1
100,100,100,7.22071,0.102426,1
100,100,100,7.20873,0.102595,1
100,100,100,7.19683,0.102771,1
100,100,100,7.18485,0.102953,1
100,100,100,7.17295,0.10314,1
100,100,100,7.15701,0.103326,1
100,100,100,7.14511,0.103558,1
100,100,100,7.13313,0.10373,1
100,100,100,7.12123,0.103909,1
100,100,100,7.10933,0.104096,1
100,100,100,7.09735,0.104285,1
100,100,100,7.08538,0.10447,1
100,100,100,7.06951,0.104647,1
100,100,100,7.05761,0.10488,1
100,100,100,7.04564,0.10506,1
100,100,100,7.03374,0.105248,1
100,100,100,7.02177,0.105441,1
100,100,100,7.00987,0.105634,1
100,100,100,6.99789,0.105823,1
100,100,100,6.986,0.106004,1
100,100,100,6.97006,0.106186,1
100,100,100,6.95816,0.106439,1
100,100,100,6.94619,0.106637,1
100,100,100,6.93429,0.106833,1
100,100,100,6.92232,0.107021,1
100,100,100,6.91042,0.107204,1
100,100,100,6.89852,0.107388,1
100,100,100,6.88655,0.107577,1
100,100,100,6.87062,0.10778,1
100,100,100,6.85872,0.108045,1
100,100,100,6.84683,0.108244,1
100,100,100,6.83485,0.108437,1
100,100,100,6.82288,0.108625,1
100,100,100,6.81099,0.108819,1
100,100,100,6.7991,0.109021,1
100,100,100,6.78713,0.109227,1
100,100,100,6.77119,0.109433,1
100,100,100,6.7593,0.109691,1
100,100,100,6.74741,0.109882,1
100,100,100,6.73544,0.110077,1
100,100,100,6.72354,0.110281,1
100,100,100,6.71158,0.11049,1
100,100,100,6.69968,0.110701,1
100,100,100,6.68779,0.110909,1
100,100,100,6.67186,0.111107,1
100,100,100,6.65989,0.111374,1
100,100,100,6.648,0.111582,1
100,100,100,6.63611,0.111797,1
100,100,100,6.62415,0.112011,1
100,100,100,6.61218,0.11222,1
100,100,100,6.59633,0.112422,1
100,100,100,6.58444,0.112691,1
100,100,100,6.57247,0.1129,1
100,100,100,6.56051,0.113117,1
100,100,100,6.54862,0.113338,1
100,100,100,6.53673,0.113557,1
100,100,100,6.52477,0.11377,1
100,100,100,6.50884,0.113978,1
100,100,100,6.49696,0.114262,1
100,100,100,6.48507,0.114483,1
100,100,100,6.47311,0.114709,1
100,100,100,6.46122,0.114931,1
100,100,100,6.44926,0.115145,1
100,100,100,6.43737,0.115357,1
100,100,100,6.42541,0.11557,1
100,100,100,6.40957,0.115795,1
100,100,100,6.39761,0.116096,1
100,100,100,6.38572,0.116328,1
100,100,100,6.37384,0.116555,1
100,100,100,6.36188,0.116774,1
99.9044,100,100,6.34992,0.116993,1
98.078,100,100,6.33408,0.117223,1
96.7373,100,100,6.32219,0.117533,1
95.4201,100,100,6.31024,0.117767,1
94.1251,100,100,6.29828,0.117996,1
92.8511,100,100,6.2864,0.11822,1
91.5968,100,100,6.27451,0.118442,1
90.3614,100,100,6.26256,0.11867,1
88.7424,100,100,6.24664,0.118911,1
87.5489,100,100,6.23476,0.11923,1
86.3729,100,100,6.22288,0.11947,1
85.2141,100,100,6.21093,0.119704,1
84.0723,100,100,6.19905,0.119933,1
82.9474,100,100,6.18709,0.120166,1
81.8395,100,100,6.17521,0.120409,1
80.7486,100,100,6.16326,0.120657,1
79.3209,100,100,6.14742,0.120905,1
78.2705,100,100,6.13547,0.121219,1
77.2381,100,100,6.12359,0.121454,1
76.2243,100,100,6.11164,0.12169,1
75.2299,100,100,6.09976,0.121936,1
74.2557,100,100,6.08781,0.122187,1
73.3027,100,100,6.07594,0.122442,1
72.0668,100,100,6.0601,0.122695,1
71.1679,100,100,6.04815,0.123018,1
70.2953,100,100,6.0362,0.123261,1
69.452,100,100,6.02433,0.123513,1
68.6412,100,100,6.01245,0.123771,1
67.8667,100,100,6.00051,0.12403,1
67.1335,100,100,5.98863,0.124286,1
66.2335,100,100,5.97273,0.124532,1
65.8243,100,100,5.96481,0.124863,1
65.115,100,100,5.94891,0.125033,1
64.7165,100,100,5.93704,0.125379,1
64.5071,100,100,5.92509,0.125645,1
64.7016,100,100,5.91322,0.125912,1
100,100,100,5.90127,0.126174,1
100,100,100,5.8894,0.126429,1
100,100,100,5.8735,0.126687,1
100,100,100,5.86163,0.127043,1
100,100,100,5.84969,0.127316,1
100,100,100,5.83782,0.127588,1
100,100,100,5.82588,0.127851,1
100,100,100,5.81401,0.128112,1
100,100,100,5.80215,0.128374,1
100,100,100,5.79021,0.128643,1
100,100,100,5.77431,0.128925,1
100,100,100,5.76244,0.129296,1
100,100,100,5.75058,0.129574,1
100,100,100,5.73864,0.129845,0
100,100,100,5.73469,0.130106,0
100,100,100,5.73469,0.130197,2
100,100,100,5.73446,0.0317205,0
47.4253,100,100,5.73438,-0.00111104,0
47.4276,100,100,5.73438,-0.00108907,0
47.4288,100,100,5.73438,-0.001078,0
47.4294,100,100,5.73438,-0.00107225,0
47.4297,100,100,5.73438,-0.00106922,0
47.4299,100,100,5.73438,-0.00106758,0
47.43,100,100,5.73438,-0.00106647,0
47.43,100,100,5.73438,-0.00106604,1
47.9042,100,100,5.72633,0.00431493,0
47.9384,100,100,5.72234,0.00432393,0
47.9393,100,100,5.72234,0.00433398,0
47.9396,100,100,5.72234,0.00433642,0
47.9397,100,100,5.72234,0.00433669,1
100,100,100,5.71436,0.0100931,1
100,100,100,5.7024,0.010115,1
100,100,100,5.68644,0.0101572,1
100,100,100,5.67433,0.010192,1
100,100,100,5.66236,0.0102162,1
100,100,100,5.6504,0.0102406,1
100,100,100,5.63843,0.0102676,1
100,100,100,5.62632,0.0102973,1
100,100,100,5.61435,0.0103297,1
100,100,100,5.60239,0.0103616,1
100,100,100,5.59042,0.0103898,1
100,100,100,5.57439,0.0104199,1
100,100,100,5.56235,0.0104578,1
100,100,100,5.55039,0.0104911,1
100,100,100,5.53843,0.010527,1
100,100,100,5.52638,0.0105614,1
100,100,100,5.51434,0.0105881,1
100,100,100,5.50238,0.0106141,1
100,100,100,5.48643,0.0106428,1
100,100,100,5.47439,0.0106805,1
100,100,100,5.46235,0.0107132,1
100,100,100,5.45038,0.0107475,1
100,100,100,5.43842,0.0107785,1
100,100,100,5.42645,0.0108079,1
100,100,100,5.41434,0.0108382,1
100,100,100,5.39838,0.0108744,1
100,100,100,5.38642,0.0109187,1
100,100,100,5.37445,0.0109567,1
100,100,100,5.36234,0.0109878,1
100,100,100,5.35037,0.0110156,1
100,100,100,5.33841,0.0110433,1
100,100,100,5.32645,0.011073,1
100,100,100,5.3144,0.0111052,1
100,100,100,5.29838,0.0111437,1
100,100,100,5.28641,0.0111868,1
100,100,100,5.27445,0.011218,1
100,100,100,5.26241,0.0112492,1
100,100,100,5.25037,0.0112825,1
100,100,100,5.2384,0.0113184,1
100,100,100,5.22644,0.0113569,1
100,100,100,5.21447,0.0113959,1
100,100,100,5.19837,0.0114281,1
100,100,100,5.1864,0.0114663,1
100,100,100,5.17444,0.0114968,1
100,100,100,5.16248,0.0115297,1
100,100,100,5.15036,0.0115651,1
100,100,100,5.13839,0.011603,1
100,100,100,5.12643,0.0116384,1
100,100,100,5.11048,0.0116731,1
100,100,100,5.09836,0.0117162,1
100,100,100,5.0864,0.0117529,1
100,100,100,5.07443,0.011792,1
100,100,100,5.06247,0.0118338,1
100,100,100,5.05043,0.0118707,1
100,100,100,5.03839,0.0119018,1
100,100,100,5.02642,0.0119332,1
100,100,100,5.01047,0.0119681,1
100,100,100,4.99843,0.0120138,1
100,100,100,4.98639,0.0120526,1
100,100,100,4.97443,0.0120919,1
100,100,100,4.96246,0.0121274,1
100,100,100,4.9505,0.0121623,1
100,100,100,4.93838,0.0121987,1
100,100,100,4.92243,0.0122417,1
100,100,100,4.91047,0.0122944,1
100,100,100,4.8985,0.0123368,1
100,100,100,4.88638,0.0123714,1
100,100,100,4.87442,0.012405,1
100,100,100,4.86246,0.012439,1
100,100,100,4.85049,0.0124753,1
100,100,100,4.83439,0.0125174,1
100,100,100,4.82242,0.0125698,1
100,100,100,4.81046,0.0126089,1
100,100,100,4.7985,0.0126459,1
100,100,100,4.78646,0.0126836,1
100,100,100,4.77442,0.0127238,1
100,100,100,4.76245,0.0127668,1
100,100,100,4.75049,0.0128123,1
100,100,100,4.73446,0.0128572,1
100,100,100,4.72242,0.0129036,1
100,100,100,4.71045,0.0129394,1
100,100,100,4.69849,0.012977,1
100,100,100,4.68653,0.013017,1
100,100,100,4.67441,0.0130596,1
100,100,99.4843,4.66245,0.0131042,1
100,100,97.5178,4.64649,0.0131468,1
100,100,96.0841,4.63453,0.0131977,1
100,100,94.6814,4.62241,0.013239,1
100,100,93.307,4.61045,0.0132833,1
100,100,91.9583,4.59849,0.0133301,1
100,100,90.6334,4.58652,0.0133784,1
100,100,89.3304,4.57448,0.0134194,1
100,100,88.0484,4.56244,0.0134576,1
100,100,86.7865,4.55048,0.0134963,1
100,100,85.1339,4.53453,0.0135392,1
100,100,83.916,4.52249,0.0135952,1
100,100,82.716,4.51044,0.0136419,1
100,100,81.5333,4.49848,0.0136873,1
100,100,80.3678,4.48652,0.0137295,1
100,100,79.2192,4.47448,0.013772,0
100,100,78.8287,4.47049,0.0138059,0
100,100,78.8353,4.47049,0.0138165,2
100,100,80.334,4.47026,-0.0518209,0
100,100,83.3846,4.47026,-0.0846571,0
100,100,83.3826,4.47026,-0.0846436,0
100,100,83.3816,4.47026,-0.0846368,1
100,100,83.4163,4.46224,-0.0858901,0
100,100,83.3753,4.45826,-0.0860559,0
100,100,83.3753,4.45826,-0.0861318,0
100,100,83.3753,4.45826,-0.0861311,0
100,100,83.3752,4.45826,-0.0861304,1
100,100,83.8486,4.45032,-0.0874776,1
100,100,100,4.4384,-0.0876511,1
100,100,100,4.42648,-0.0879022,1
100,100,100,4.41441,-0.0881457,1
100,100,100,4.40249,-0.088392,1
100,100,100,4.3866,-0.0886399,1
100,100,100,4.37468,-0.0889692,1
100,100,100,4.36261,-0.0892209,1
100,100,100,4.3507,-0.0894779,1
100,100,100,4.33878,-0.0897308,1
100,100,100,4.32289,-0.0899869,1
99.7234,100,100,4.31082,-0.0903359,1
98.4386,100,100,4.29891,-0.0906142,1
97.1537,100,100,4.28699,-0.0908872,1
95.8684,100,100,4.27508,-0.0911537,1
94.5828,100,100,4.26308,-0.0914164,1
93.297,100,100,4.25109,-0.0916779,1
92.0114,100,100,4.23918,-0.0919423,1
90.2973,100,100,4.22329,-0.0922102,1
89.0118,100,100,4.21138,-0.092566,1
87.7263,100,100,4.19931,-0.0928378,1
86.4407,100,100,4.1874,-0.0931141,1
85.155,100,100,4.17549,-0.0933854,1
83.8694,100,100,4.16358,-0.0936613,1
82.5841,100,100,4.15151,-0.0939496,1
80.8708,100,100,4.13563,-0.0942573,1
79.5853,100,100,4.12372,-0.094633,1
78.2998,100,100,4.11181,-0.0949188,1
77.014,100,100,4.09974,-0.0951988,1
75.7281,100,100,4.08783,-0.0954841,1
74.4424,100,100,4.07592,-0.0957689,1
73.1568,100,100,4.06401,-0.0960567,1
71.4426,100,100,4.04798,-0.0963503,1
70.157,100,100,4.03607,-0.0967426,1
68.8712,100,100,4.02417,-0.0970357,1
67.5979,100,100,4.01226,-0.0973298,1
67.534,100,100,4.00027,-0.0976344,1
67.4684,100,100,3.98829,-0.0979514,1
67.4024,100,100,3.97638,-0.0982722,1
67.3173,100,100,3.96051,-0.0985847,1
67.2545,100,100,3.94853,-0.0989882,1
67.1923,100,100,3.93654,-0.0992932,1
67.1298,100,100,3.92464,-0.0996018,1
67.067,100,100,3.91273,-0.0999114,1
67.004,100,100,3.90083,-0.100224,1
66.9408,100,100,3.88877,-0.10054,1
66.8565,100,100,3.8729,-0.100864,1
66.7938,100,100,3.861,-0.101285,1
66.7304,100,100,3.84909,-0.101608,1
66.665,100,100,3.83704,-0.101943,1
66.5987,100,100,3.82514,-0.10229,1
66.5338,100,100,3.81324,-0.102627,1
66.4696,100,100,3.80133,-0.102961,1
66.4066,100,100,3.78936,-0.10329,1
66.323,100,100,3.77341,-0.103623,1
66.2599,100,100,3.76151,-0.104068,1
66.1966,100,100,3.74961,-0.104406,1
66.133,100,100,3.73764,-0.104747,1
66.0693,100,100,3.72566,-0.105093,1
66.0058,100,100,3.71376,-0.10544,1
65.9427,100,100,3.70187,-0.105784,1
100,100,100,3.68593,-0.106144,1
100,100,100,3.67395,-0.106629,1
100,100,100,3.66206,-0.106999,1
100,100,100,3.65016,-0.107361,1
100,100,100,3.63827,-0.107722,1
100,100,100,3.62622,-0.108079,1
100,100,100,3.61433,-0.108444,1
100,100,100,3.60243,-0.108808,1
100,100,100,3.58657,-0.109179,1
100,100,100,3.57453,-0.109673,1
100,100,100,3.56264,-0.110053,1
100,100,100,3.55074,-0.110428,1
100,100,100,3.53885,-0.110807,1
100,100,100,3.52689,-0.111199,1
100,100,100,3.51492,-0.111603,1
100,100,100,3.49907,-0.11201,1
100,100,100,3.48718,-0.112532,1
100,100,100,3.47521,-0.112922,1
100,100,100,3.46325,-0.113317,1
100,100,100,3.45136,-0.113715,1
100,100,100,3.43947,-0.114116,1
100,100,100,3.42759,-0.11452,1
100,100,100,3.41555,-0.114928,1
100,100,100,3.40366,-0.115343,1
100,100,100,3.38782,-0.115755,1
100,100,100,3.37594,-0.116312,1
100,100,100,3.3639,-0.116746,1
100,100,100,3.35202,-0.117192,1
100,100,100,3.34014,-0.117622,1
100,100,100,3.32826,-0.118053,1
100,100,100,3.31622,-0.118481,1
100,100,100,3.30038,-0.118919,1
100,100,100,3.2885,-0.119499,1
100,100,100,3.27663,-0.11994,1
100,100,100,3.26467,-0.120386,1
100,100,100,3.25272,-0.120838,1
100,100,100,3.24084,-0.121291,1
100,100,100,3.22897,-0.121744,1
100,100,100,3.21306,-0.122217,1
100,100,100,3.20111,-0.12285,1
100,100,100,3.18923,-0.123328,1
100,100,100,3.17736,-0.123803,1
100,100,100,3.16549,-0.124274,1
100,100,100,3.15346,-0.124746,1
100,100,100,3.14159,-0.12523,1
100,100,100,3.12577,-0.125714,1
100,100,100,3.1139,-0.126363,1
100,100,100,3.10188,-0.126856,1
100,100,100,3.09001,-0.127359,1
100,100,100,3.07814,-0.127856,1
100,100,100,3.06628,-0.128362,1
100,100,100,3.05426,-0.128883,1
100,100,100,3.0424,-0.129418,1
100,100,100,3.02658,-0.129947,1
100,100,100,3.01472,-0.13064,1
100,100,100,3.0027,-0.131161,1
100,100,100,2.99084,-0.131694,1
100,100,100,2.97898,-0.132225,1
100,100,100,2.96712,-0.132762,1
100,100,100,2.95527,-0.133304,1
100,100,100,2.9393,-0.133854,1
100,100,100,2.92745,-0.134592,1
100,100,100,2.91559,-0.135147,1
100,100,100,2.90374,-0.135717,1
100,100,100,2.89173,-0.136299,1
100,100,100,2.87988,-0.136889,1
100,100,100,2.86803,-0.137469,1
100,100,100,2.85618,-0.13805,1
100,100,100,2.84023,-0.138631,1
100,100,100,2.82838,-0.13942,1
100,100,100,2.81653,-0.140015,1
100,100,100,2.80469,-0.140615,1
100,100,100,2.79269,-0.141222,1
100,100,100,2.78084,-0.141842,1
100,100,100,2.769,-0.142456,1
100,100,100,2.75321,-0.143083,1
100,100,100,2.74122,-0.143931,1
100,100,100,2.72938,-0.144591,1
100,100,99.487,2.71754,-0.145235,1
100,100,98.2326,2.70571,-0.145884,1
100,100,96.9975,2.69379,-0.146531,1
100,100,95.7808,2.68188,-0.147188,1
100,100,94.1864,2.66611,-0.147855,1
100,100,93.011,2.65427,-0.148744,1
100,100,91.8527,2.64244,-0.14942,1
100,100,90.7114,2.63046,-0.150104,1
100,100,89.5871,2.61863,-0.1508,1
100,100,88.4797,2.60681,-0.151492,1
100,100,87.3894,2.59498,-0.152199,1
100,100,85.963,2.57906,-0.15293,1
100,100,84.9138,2.56724,-0.153902,1
100,100,83.8827,2.55542,-0.15463,1
100,100,82.8702,2.5436,-0.155358,1
100,100,81.8768,2.53163,-0.15609,1
100,100,80.9037,2.51981,-0.156839,1
100,100,79.9519,2.508,-0.157587,1
100,100,79.0226,2.49618,-0.158343,1
100,100,77.8212,2.48028,-0.159111,1
100,100,76.9509,2.46847,-0.160149,1
100,100,76.1096,2.45666,-0.160927,1
100,100,75.3009,2.44485,-0.161717,1
100,100,74.5295,2.43297,-0.162524,1
100,100,73.801,2.42109,-0.163351,1
100,100,73.1221,2.40929,-0.164176,1
100,100,72.5041,2.39748,-0.165001,1
100,100,71.8052,2.38168,-0.165828,1
100,100,71.4176,2.3698,-0.166943,1
100,100,71.227,2.35801,-0.167793,1
100,100,71.475,2.34621,-0.168648,1
100,100,100,2.33442,-0.169512,1
100,100,100,2.32248,-0.170386,1
100,100,100,2.31069,-0.171279,0
100,100,100,2.30676,-0.17216,3
100,100,62.9216,2.30661,-0.106842,0
100,100,61.7152,2.30653,-0.0738983,0
100,100,61.7164,2.30653,-0.0739108,0
100,100,61.7171,2.30653,-0.0739157,0
100,100,61.7174,2.30653,-0.0739182,0
100,100,61.7175,2.30653,-0.0739195,3
100,100,61.2308,2.30638,-0.00820962,0
100,100,61.7807,2.3063,0.0247256,0
100,100,61.7804,2.3063,0.024715,0
100,100,61.7802,2.3063,0.0247095,0
100,100,61.7802,2.3063,0.0247067,0
100,100,61.7801,2.3063,0.0247053,0
100,100,61.7801,2.3063,0.0247045,1
100,100,61.0494,2.29833,0.0281609,0
100,100,60.6109,2.29434,0.0282596,0
100,100,60.6157,2.29434,0.0283147,0
100,100,60.6173,2.29434,0.0283157,0
100,100,60.6181,2.29434,0.0283156,1
100,100,59.8807,2.28637,0.0315538,1
100,100,58.6237,2.27433,0.0316635,1
100,100,57.3876,2.2623,0.0318412,1
100,100,56.1708,2.25034,0.032027,1
100,100,54.5765,2.23439,0.0322134,1
100,100,53.4011,2.22236,0.0324463,1
100,100,52.2429,2.21032,0.0326207,1
100,100,51.1018,2.19836,0.0327982,1
100,100,49.9776,2.18641,0.0329815,1
100,100,48.8703,2.17437,0.0331722,1
100,100,47.78,2.16241,0.0333694,1
100,100,46.7068,2.15038,0.0335651,1
100,100,45.3032,2.13443,0.0337587,1
100,100,44.2715,2.1224,0.0340103,1
100,100,43.2584,2.11044,0.0342084,1
100,100,42.2644,2.09841,0.0344139,1
100,100,41.2904,2.08645,0.0346262,1
100,100,40.3375,2.07449,0.0348336,1
100,100,39.1022,2.05847,0.0350355,1
100,100,38.204,2.04644,0.0353067,1
100,100,37.3323,2.03448,0.0355168,1
100,100,36.4894,2.02252,0.0357335,1
100,100,35.6784,2.01049,0.0359576,1
100,100,34.9037,1.99846,0.0361856,1
100,100,34.1707,1.9865,0.036412,1
100,100,33.4874,1.97454,0.0366325,1
100,100,32.6723,1.95852,0.0368563,1
100,100,32.1563,1.94649,0.0371666,1
100,100,31.7579,1.93453,0.037411,1
100,100,31.5482,1.92258,0.0376544,1
100,100,31.7442,1.91055,0.0378932,1
100,100,100,1.89859,0.0381312,1
100,100,100,1.88257,0.0383709,1
100,100,100,1.87062,0.0387029,1
100,100,100,1.85858,0.0389612,1
100,100,100,1.84663,0.0392271,1
100,100,100,1.8346,0.0394919,1
100,100,100,1.82264,0.0397559,1
100,100,100,1.81068,0.0400159,1
100,100,100,1.79865,0.040284,1
100,100,100,1.78264,0.0405685,1
100,100,100,1.77068,0.0409477,1
100,100,100,1.75873,0.0412325,1
100,100,100,1.7467,0.0415139,1
100,100,100,1.73467,0.0417983,1
100,100,100,1.72271,0.0420896,1
100,100,100,1.71076,0.0423884,1
100,100,100,1.69873,0.0426966,1
100,100,100,1.68271,0.0430161,1
100,100,100,1.67076,0.0434338,1
100,100,100,1.65881,0.0437452,1
100,100,100,1.64678,0.0440616,1
100,100,100,1.63475,0.0443909,1
100,100,100,1.62279,0.0447314,1
100,100,100,1.61084,0.0450745,1
100,100,100,1.59483,0.045416,1
100,100,100,1.58288,0.0458713,1
100,100,100,1.57085,0.0462171,1
100,100,100,1.5589,0.0465753,1
100,100,100,1.54687,0.0469422,1
100,100,100,1.53492,0.0473209,1
100,100,100,1.52289,0.0477013,1
100,100,100,1.51094,0.0480848,1
100,100,100,1.495,0.048465,1
100,100,100,1.48298,0.0489862,1
100,100,100,1.47095,0.0493945,1
100,100,100,1.459,0.0498137,1
100,100,100,1.44705,0.050232,1
100,100,100,1.43502,0.0506495,1
100,100,100,1.423,0.0510727,1
100,100,100,1.41105,0.0515048,1
100,100,100,1.39512,0.0519496,1
100,100,100,1.38309,0.0525557,1
100,100,100,1.37107,0.053026,1
100,100,100,1.35912,0.0535006,1
100,100,100,1.34717,0.0539738,1
100,100,100,1.33515,0.0544527,1
100,100,100,1.3232,0.0549492,1
100,100,100,1.3072,0.0554633,1
100,100,100,1.29525,0.056156,1
100,100,100,1.28323,0.0566802,1
100,100,100,1.27129,0.0572114,1
100,100,100,1.25927,0.0577481,1
100,100,100,1.24732,0.0583028,1
100,100,100,1.23538,0.05887,1
100,100,100,1.21938,0.0594573,1
100,100,100,1.20736,0.0602497,1
100,100,100,1.19541,0.0608561,1
100,100,100,1.18347,0.0614641,1
100,100,100,1.17145,0.0620879,1
100,100,100,1.15944,0.0627349,1
100,100,100,1.1475,0.0634008,1
100,100,100,1.13556,0.064073,1
100,100,100,1.11956,0.0647515,1
100,100,100,1.10754,0.0656763,1
100,100,100,1.09561,0.0663904,1
100,99.2571,100,1.08367,0.0671206,1
100,98.0581,100,1.07165,0.0678723,1
100,96.8592,100,1.05972,0.0686478,1
100,95.26,100,1.04373,0.0694349,1
100,94.0598,100,1.03179,0.070502,1
100,92.8595,100,1.01978,0.0713192,1
100,91.6599,100,1.00785,0.0721668,1
100,90.4609,100,0.99584,0.0730356,1
100,89.262,100,0.983908,0.0739321,1
100,88.0624,100,0.971977,0.0748379,1
100,86.4619,100,0.955994,0.0757583,1
100,85.2614,100,0.943989,0.0770262,1
100,84.0615,100,0.932061,0.0780111,1
100,82.862,100,0.920134,0.0790203,1
100,81.6629,100,0.908132,0.08006,1
100,80.4637,100,0.896131,0.0811326,1
100,79.264,100,0.884207,0.0822291,1
100,78.0636,100,0.872284,0.0833405,1
100,76.4635,100,0.856313,0.0844856,1
100,75.264,100,0.844316,0.0860751,1
100,74.065,100,0.832398,0.0873162,1
100,72.8655,100,0.820481,0.0885806,1
100,71.6654,100,0.808488,0.0898739,1
100,70.465,100,0.796574,0.0912094,1
100,69.2646,100,0.784585,0.092577,1
100,67.6648,100,0.768704,0.094003,1
100,66.4654,100,0.756718,0.0959627,1
100,65.2661,100,0.744811,0.0975007,1
100,64.0664,100,0.73283,0.0990743,1
100,62.8663,100,0.720926,0.100703,1
100,61.6659,100,0.709025,0.102371,1
100,60.4659,100,0.69705,0.1041,1
100,58.8666,100,0.681112,0.105911,1
100,57.6672,100,0.669219,0.108413,1
100,56.4673,100,0.657328,0.110354,1
100,55.2669,100,0.645364,0.112359,1
100,54.0665,100,0.633402,0.114449,1
100,52.8664,100,0.621521,0.116623,1
100,51.6665,100,0.609642,0.11887,1
100,50.467,100,0.59769,0.12121,1
100,48.8674,100,0.581786,0.123662,1
100,47.6674,100,0.56992,0.127068,1
100,46.4671,100,0.558058,0.129728,1
100,45.2669,100,0.546125,0.132503,1
100,44.067,100,0.534272,0.135425,0
100,43.6559,100,0.530246,0.138444,0
100,43.6623,100,0.530246,0.139502,0
100,43.6638,100,0.530246,0.139502,2
100,41.1454,100,0.530016,0.0410186,0
100,40.9767,100,0.529939,0.00820147,0
100,40.977,100,0.529939,0.0082247,0
100,40.9772,100,0.529939,0.00823583,0
100,40.9773,100,0.529939,0.00824162,0
100,40.9773,100,0.529939,0.0082447,1
100,39.8149,100,0.517975,0.0123866,0
100,39.4012,100,0.513987,0.0126798,0
100,39.405,100,0.513987,0.0127817,0
100,39.407,100,0.513987,0.0127826,0
100,39.4081,100,0.513987,0.0127824,1
100,38.654,100,0.506012,0.0172158,1
100,37.4505,100,0.494049,0.017494,1
100,36.2485,100,0.481932,0.0179213,1
100,34.6472,100,0.465982,0.0183767,1
100,33.4466,100,0.45402,0.0190118,1
100,32.2462,100,0.442058,0.0195208,1
100,31.0458,100,0.429942,0.020058,1
100,29.8454,100,0.41798,0.0206291,0
100,29.4347,100,0.413992,0.0212169,0
100,29.4398,100,0.413992,0.0214197,0
100,29.4424,100,0.413992,0.0214185,0
100,29.444,100,0.413992,0.0214174,0
100,29.4445,100,0.413992,0.0214169,0
100,29.4448,100,0.413992,0.0214165,0
100,29.445,100,0.413992,0.0214162,0
100,29.445,100,0.413992,0.021416,0
100,29.4451,100,0.413992,0.0214159,0
100,29.4451,100,0.413992,0.0214157,0
100,29.4451,100,0.413992,0.0214157,0
100,29.4451,100,0.413992,0.0214156,0
100,29.4451,100,0.413992,0.0214156,0
100,29.4451,100,0.413992,0.0214156,0
100,29.4451,100,0.413992,0.0214156,0
100,29.4451,100,0.413992,0.0214156,0
100,29.4451,100,0.413992,0.0214156,0
100,29.4451,100,0.413992,0.0214156,0
100,29.4451,100,0.413992,0.0214156,0
100,29.4451,100,0.413992,0.0214156,0
100,100,77.4385,7.83,-0.0986111,1
100,100,77.4385,7.83,-0.0986111,1
100,100,77.4385,7.83,-0.0986111,1
100,100,77.4385,7.83,-0.0986111,1
100,100,77.4385,7.83,-0.0986111,1
100,100,77.4385,7.83,-0.0986111,1
100,100,77.4385,7.83,-0.0986111,1
100,100,77.4385,7.83,-0.0986111,1
100,100,77.4385,7.83,-0.0986111,1
100,100,77.4385,7.83,-0.0986111,1
100,100,77.4385,7.83,-0.0986111,1
100,100,77.4385,7.83,-0.0986111,1
100,100,77.4385,7.83,-0.0986111,1
100,100,77.4385,7.83,-0.0986111,1
100,100,77.4385,7.83,-0.0986111,1
100,100,77.4385,7.83,-0.0986111,1
100,100,77.4385,7.83,-0.0986111,1
100,100,77.4385,7.83,-0.0986111,1
100,100,77.4385,7.83,-0.0986111,1
100,100,77.4385,7.83,-0.0986111,1
100,100,77.4385,7.83,-0.0986111,1
100,100,77.4385,7.83,-0.0986111,1
100,100,77.4385,7.83,-0.0986111,1
100,100,77.4385,7.83,-0.0986111,1
100,100,77.4385,7.83,-0.0986111,1
100,100,77.4385,7.83,-0.0986111,1
100,100,77.4385,7.83,-0.0986111,1
100,100,77.4385,7.83,-0.0986111,1
100,100,77.4385,7.83,-0.0986111,1
100,100,77.4385,7.83,-0.0986111,1
100,100,77.4385,7.83,-0.0986111,1
100,100,77.4385,7.83,-0.0986111,1
100,100,77.4385,7.83,-0.0986111,1
100,100,77.4385,7.83,-0.0986111,1
100,100,77.4385,7.83,-0.0986111,1
100,100,77.4385,7.83,-0.0986111,1
100,100,77.4385,7.83,-0.0986111,1
100,100,77.4385,7.83,-0.0986111,1
100,100,77.4385,7.83,-0.0986111,1
100,100,77.4385,7.83,-0.0986111,1
100,100,77.4385,7.83,-0.0986111,1
100,100,77.4385,7.83,-0.0986111,1
100,100,77.4385,7.83,-0.0986111,1
100,100,77.4385,7.83,-0.0986111,1
100,100,77.4385,7.83,-0.0986111,1
100,100,77.4385,7.83,-0.0986111,1
100,100,77.4385,7.83,-0.0986111,1
100,100,77.4385,7.83,-0.0986111,1
100,100,77.4385,7.83,-0.0986111,1
100,100,77.4385,7.83,-0.0986111,1
100,100,77.4385,7.83,-0.0986111,1
100,100,77.4385,7.83,-0.0986111,1
100,100,77.4385,7.83,-0.0986111,1
100,100,77.4385,7.83,-0.0986111,1
100,100,77.4385,7.83,-0.0986111,1
100,100,77.4385,7.83,-0.0986111,1
100,100,77.4385,7.83,-0.0986111,1
100,100,77.4385,7.83,-0.0986111,1
100,100,77.4385,7.83,-0.0986111,1
100,100,77.4385,7.83,-0.0986111,1
100,100,77.5729,7.82206,-0.0986111,1
100,100,100,7.81016,-0.0987115,1
100,100,100,7.79825,-0.0988624,1
100,100,100,7.78237,-0.0990138,1
100,100,100,7.77032,-0.0992165,1
100,100,100,7.75841,-0.099371,1
100,100,100,7.7465,-0.099524,1
100,100,100,7.7346,-0.0996775,1
100,100,100,7.72254,-0.0998314,1
100,100,100,7.71063,-0.0999877,1
100,100,100,7.69476,-0.100143,1
100,100,100,7.68286,-0.10035,1
100,100,100,7.6708,-0.100506,1
100,100,100,7.65889,-0.100664,1
100,100,100,7.64699,-0.100821,1
100,100,100,7.63509,-0.100979,1
100,100,100,7.62318,-0.101137,1
100,100,100,7.61113,-0.101295,1
100,100,100,7.59526,-0.101456,1
100,100,100,7.58335,-0.101669,1
100,100,100,7.57145,-0.101829,1
100,100,100,7.55939,-0.10199,1
100,100,100,7.54749,-0.102153,1
100,100,100,7.53559,-0.102315,1
100,100,100,7.52369,-0.102477,1
100,100,100,7.50766,-0.10264,1
100,100,100,7.49576,-0.102859,1
100,100,100,7.48386,-0.103023,1
100,100,100,7.47196,-0.103188,1
100,100,100,7.45991,-0.103352,1
100,100,100,7.44801,-0.10352,1
100,100,100,7.4361,-0.103686,1
100,100,100,7.4242,-0.103853,1
100,100,100,7.40818,-0.10402,1
100,100,100,7.39628,-0.104245,1
100,100,100,7.38439,-0.104414,1
100,100,100,7.37249,-0.104583,1
100,100,100,7.36059,-0.104752,1
100,100,100,7.34853,-0.104922,1
100,100,100,7.33664,-0.105095,1
100,100,100,7.32474,-0.105266,1
100,100,100,7.30887,-0.105437,1
100,100,100,7.29682,-0.105667,1
100,100,100,7.28492,-0.105842,1
100,100,100,7.27303,-0.106015,1
100,100,100,7.26113,-0.106189,1
100,100,100,7.24908,-0.106364,1
100,100,100,7.23718,-0.106541,1
100,100,100,7.22132,-0.106717,1
100,100,100,7.20942,-0.106953,1
100,100,100,7.19737,-0.10713,1
100,100,100,7.18548,-0.10731,1
100,100,100,7.17358,-0.107488,1
100,100,100,7.16169,-0.107667,1
100,100,100,7.14979,-0.107846,1
100,100,100,7.13774,-0.108026,1
100,100,100,7.12188,-0.108209,1
100,100,100,7.10999,-0.108451,1
100,100,100,7.09809,-0.108633,1
100,100,100,7.08605,-0.108816,1
100,100,100,7.07415,-0.109001,1
100,100,100,7.06226,-0.109185,1
100,100,100,7.05037,-0.10937,1
100,100,100,7.03436,-0.109555,1
100,100,100,7.02246,-0.109805,1
100,100,100,7.01057,-0.109992,1
100,100,100,6.99868,-0.110179,1
100,100,100,6.98664,-0.110367,1
100,100,100,6.97474,-0.110558,1
100,100,100,6.96285,-0.110747,1
100,100,100,6.947,-0.110936,1
100,100,100,6.93495,-0.11119,1
100,100,100,6.92306,-0.111384,1
100,100,100,6.91117,-0.111576,1
100,100,100,6.89928,-0.111768,1
100,100,100,6.88739,-0.111962,1
100,100,100,6.87535,-0.112155,1
100,100,100,6.86346,-0.112352,1
100,100,100,6.85157,-0.112548,1
100,100,100,6.83968,-0.112744,1
100,100,100,6.82368,-0.11294,1
100,100,100,6.81179,-0.113205,1
100,100,100,6.7999,-0.113403,1
100,100,100,6.78801,-0.113602,1
100,100,100,6.77597,-0.113801,1
100,100,100,6.76409,-0.114004,1
100,100,100,6.74824,-0.114205,1
100,100,100,6.73635,-0.114474,1
100,100,100,6.72431,-0.114676,1
100,100,100,6.71243,-0.114882,1
100,100,100,6.70054,-0.115086,1
100,100,100,6.68865,-0.11529,1
100,100,100,6.67662,-0.115496,1
100,100,100,6.66473,-0.115704,1
100,100,100,6.64889,-0.11591,1
100,100,100,6.637,-0.116186,1
100,100,100,6.62496,-0.116394,1
100,100,100,6.61308,-0.116606,1
100,100,100,6.6012,-0.116816,1
100,100,100,6.58931,-0.117026,1
100,100,100,6.57743,-0.117238,1
100,100,100,6.56144,-0.117449,1
100,100,100,6.54955,-0.117735,1
100,100,100,6.53767,-0.117949,1
100,100,100,6.52579,-0.118164,1
100,100,100,6.51376,-0.118378,1
100,100,100,6.50188,-0.118596,1
100,100,100,6.48999,-0.118812,1
100,100,100,6.47811,-0.119028,1
100,100,100,6.46212,-0.119245,1
100,100,100,6.45024,-0.11954,1
100,100,100,6.43836,-0.11976,1
100,100,100,6.42648,-0.11998,1
100,100,100,6.41445,-0.120201,1
100,100,100,6.40258,-0.120426,1
100,100,100,6.3907,-0.120648,1
100,100,100,6.37882,-0.120871,1
100,100,100,6.36283,-0.121094,1
100,100,100,6.35095,-0.121396,1
100,100,100,6.33908,-0.121621,1
100,99.1564,100,6.3272,-0.121846,1
100,97.9548,100,6.31532,-0.122071,1
100,96.7536,100,6.3033,-0.122299,1
100,95.5525,100,6.29142,-0.122531,1
100,94.3512,100,6.27955,-0.12276,1
100,92.7495,100,6.26371,-0.122988,1
100,91.5481,100,6.25169,-0.123296,1
100,90.3466,100,6.23981,-0.12353,1
100,89.1452,100,6.22794,-0.123762,1
100,87.9439,100,6.21607,-0.123996,1
100,86.742,100,6.20404,-0.124228,1
100,85.1391,100,6.18821,-0.12446,1
100,83.9369,100,6.17634,-0.124772,1
100,82.7345,100,6.16447,-0.125004,1
100,81.5322,100,6.15245,-0.125238,1
100,80.3307,100,6.14057,-0.125479,1
100,79.129,100,6.1287,-0.125717,1
100,77.927,100,6.11683,-0.125954,1
100,76.3242,100,6.10085,-0.126189,1
99.4182,75.1222,100,6.08899,-0.126513,1
98.6003,73.9201,100,6.07712,-0.126753,1
97.8075,72.7186,100,6.06525,-0.126996,1
97.0425,71.5167,100,6.05338,-0.127238,1
96.3095,70.3127,100,6.04136,-0.127472,1
95.6122,69.1073,100,6.02949,-0.127702,1
94.7461,67.5002,100,6.01367,-0.127922,1
94.1519,66.2977,100,6.0018,-0.128249,1
93.6168,65.0964,100,5.98978,-0.128499,1
93.1569,63.8952,100,5.97792,-0.128753,1
92.7973,62.6936,100,5.96605,-0.129003,1
92.582,61.4919,100,5.95419,-0.129253,1
92.6072,60.2903,100,5.94217,-0.129505,1
93.2078,59.0887,100,5.93031,-0.12976,1
100,57.4867,100,5.91449,-0.130012,1
100,56.2855,100,5.90262,-0.130356,1
100,55.0831,100,5.89061,-0.130607,1
100,53.8792,100,5.87875,-0.130853,1
100,52.6748,100,5.86688,-0.131092,1
100,51.4714,100,5.85502,-0.131339,1
100,50.2695,100,5.84316,-0.131596,1
100,48.6683,100,5.82719,-0.131859,1
100,47.4671,100,5.81533,-0.132216,1
100,46.2658,100,5.80347,-0.132479,1
100,45.0646,100,5.79162,-0.132744,1
100,43.8633,100,5.7796,-0.13301,1
100,42.6621,100,5.76775,-0.13328,1
100,41.461,100,5.75589,-0.133549,1
100,40.26,42.6053,5.74403,-0.13382,1
100,38.657,39.1792,5.72807,-0.134076,1
100,37.4538,37.15,5.71621,-0.134426,1
100,36.2507,35.3024,5.70436,-0.134682,1
100,35.0492,33.569,5.6925,-0.134952,1
100,33.8482,31.9181,5.68049,-0.135228,1
100,32.6475,30.3309,5.66864,-0.135511,1
100,31.4466,28.7956,5.65678,-0.135789,1
100,29.8454,26.8154,5.64098,-0.136066,1
100,28.6445,25.3729,5.62897,-0.136441,1
100,27.4436,23.9623,5.61712,-0.136726,1
100,26.2427,22.5803,5.60527,-0.137009,1
100,25.042,21.2247,5.59342,-0.137296,1
100,23.841,19.8934,5.58156,-0.137578,1
100,22.6392,18.585,5.56956,-0.137852,1
100,21.0365,16.8735,5.55376,-0.138116,1
100,19.835,15.6133,5.54191,-0.138493,1
100,18.6341,14.3722,5.53006,-0.13878,1
100,17.4336,13.1495,5.51806,-0.139075,1
100,16.233,11.9449,5.50621,-0.139374,1
100,15.0324,10.7579,5.49436,-0.139669,1
100,13.8319,9.58826,5.48251,-0.139964,1
100,12.6313,8.43565,5.47052,-0.140261,1
100,11.0306,6.9251,5.45472,-0.14056,1
100,9.83009,5.81184,5.44287,-0.140964,1
100,8.62959,4.71555,5.43103,-0.141266,1
100,7.42886,3.63644,5.41903,-0.14156,1
100,6.22796,2.57473,5.40719,-0.141852,1
100,4.37267,1.93475,5.39527,-0.0867003,1
100,4.19544,1.90732,5.38332,-0.0566791,1
100,4.26691,1.93463,5.37138,-0.0589553,1
100,4.30603,1.95051,5.3553,-0.0602318,1
100,4.31955,1.95589,5.34336,-0.060811,1
100,4.32668,1.95862,5.33142,-0.0611598,1
100,4.33046,1.95999,5.31947,-0.0614118,1
100,4.33234,1.96068,5.30738,-0.0616059,1
100,4.33325,1.96102,5.29544,-0.0617721,1
100,4.33296,1.96062,5.27951,-0.0619235,1
100,4.33255,1.96036,5.26757,-0.0621092,1
100,4.33254,1.96057,5.25548,-0.0622384,1
100,4.3325,1.96072,5.24354,-0.0623715,1
100,4.3325,1.96084,5.2316,-0.0625066,1
100,4.33258,1.96095,5.21965,-0.0626461,1
100,4.3317,1.96029,5.20756,-0.0627878,1
100,4.33191,1.96054,5.19164,-0.0629299,1
100,4.33216,1.96068,5.1797,-0.063127,1
100,4.33239,1.96079,5.16776,-0.0632765,1
100,4.33261,1.96089,5.15566,-0.0634268,1
100,4.33282,1.96099,5.14372,-0.0635795,1
100,4.33303,1.96108,5.13178,-0.063731,1
100,4.33251,1.96056,5.11984,-0.0638837,1
100,4.33278,1.96078,5.1079,-0.0640347,1
100,4.33288,1.96093,5.09581,-0.064181,1
100,4.33292,1.9611,5.07989,-0.0643258,1
100,4.33296,1.9612,5.06795,-0.0645235,1
100,4.3328,1.96103,5.05601,-0.0646763,1
100,4.33275,1.96099,5.04391,-0.0648299,1
100,4.33301,1.96115,5.03198,-0.0649891,1
100,4.33323,1.96127,5.02004,-0.0651472,1
100,4.3335,1.9614,5.00412,-0.0653072,1
100,4.33369,1.96148,4.99202,-0.0655188,1
100,4.33388,1.96157,4.98008,-0.0656813,1
100,4.33383,1.96144,4.96815,-0.0658428,1
100,4.3339,1.96143,4.95621,-0.0660053,1
100,4.33415,1.96158,4.94412,-0.0661683,1
100,4.33427,1.9617,4.93218,-0.0663297,1
100,4.33434,1.96183,4.91626,-0.066486,1
100,4.33442,1.96192,4.90432,-0.0667001,1
100,4.33427,1.96172,4.89223,-0.0668658,1
100,4.33451,1.96188,4.88029,-0.0670346,1
100,4.33458,1.96192,4.87631,-0.0672,1
100,4.33458,1.96192,4.87631,-0.0672549,1
100,4.33458,1.96192,4.87631,-0.0672549,1
100,4.33458,1.96192,4.87631,-0.0672549,1
100,4.33458,1.96192,4.87631,-0.0672549,1
100,4.33458,1.96192,4.87631,-0.0672549,1
100,4.33458,1.96192,4.87631,-0.0672549,1
100,4.33458,1.96192,4.87631,-0.0672549,1
100,4.33458,1.96192,4.87631,-0.0672549,1
100,4.33458,1.96192,4.87631,-0.0672549,1
100,93.9357,100,7.83,-0.0986111,0
100,93.9357,100,7.83,-0.0986111,0
100,93.9357,100,7.83,-0.0986111,0
100,93.9357,100,7.83,-0.0986111,0
100,93.9357,100,7.83,-0.0986111,0
100,93.9357,100,7.83,-0.0986111,0
100,93.9357,100,7.83,-0.0986111,0
100,93.9357,100,7.83,-0.0986111,3
97.5353,95.7874,100,7.83,-0.0329544,0
95.5839,100,100,7.83,3.75145e-05,0
95.5844,100,100,7.83,2.33584e-05,1
94.6025,100,100,7.8221,0.00731149,0
94.1784,100,100,7.81811,0.00732345,0
94.1824,100,100,7.81811,0.00733255,0
94.185,100,100,7.81811,0.00733531,0
94.1859,100,100,7.81811,0.00733506,1
93.2744,100,100,7.81014,0.0151072,1
92.0611,100,100,7.79817,0.0151382,1
90.8511,100,100,7.78621,0.0151671,1
89.6431,100,100,7.77417,0.0151957,1
88.4368,100,100,7.76213,0.0152268,1
87.232,100,100,7.75016,0.0152595,1
85.6274,100,100,7.73421,0.0152995,1
84.4252,100,100,7.72217,0.0153449,1
83.6245,100,100,7.71412,0.015374,1
82.0244,100,100,7.69817,0.0153932,1
80.8258,100,100,7.6862,0.0154264,3
81.8875,100,100,7.68208,0.081034,0
84.9954,100,100,7.68192,0.113944,0
84.9956,100,100,7.68192,0.113936,0
84.9957,100,100,7.68192,0.113931,1
84.5807,100,100,7.674,0.115287,0
84.244,100,100,7.67004,0.115399,0
84.2474,100,100,7.67004,0.115461,0
84.2491,100,100,7.67004,0.115462,0
84.2501,100,100,7.67004,0.115462,1
84.1825,100,100,7.66608,0.116718,1
83.2456,100,100,7.65412,0.116792,1
82.0359,100,100,7.63827,0.116993,1
81.1662,100,100,7.62632,0.117246,1
80.3403,100,100,7.61443,0.117433,1
79.5828,100,100,7.60247,0.117615,1
78.9559,100,100,7.59059,0.117806,1
78.7977,100,100,7.57871,0.118004,1
100,100,100,7.56279,0.118207,1
100,100,100,7.55084,0.118463,1
100,100,100,7.53895,0.118649,1
100,100,100,7.52707,0.118835,1
100,100,100,7.51512,0.119025,1
100,100,100,7.50316,0.119224,1
100,100,100,7.48732,0.119433,1
100,100,100,7.47544,0.119699,1
100,100,100,7.46349,0.119896,1
100,100,100,7.45153,0.120086,1
100,100,100,7.43965,0.120282,1
100,100,100,7.42778,0.120484,1
100,100,100,7.41582,0.120692,1
100,100,100,7.40394,0.120899,1
100,100,100,7.38803,0.121097,1
100,100,100,7.37615,0.121356,1
100,100,100,7.3642,0.121552,1
100,100,100,7.35233,0.121756,1
100,100,100,7.34037,0.121966,1
100,100,100,7.3285,0.122179,1
100,100,100,7.31662,0.122389,1
100,100,100,7.30071,0.122592,1
100,100,100,7.28876,0.122859,1
100,100,100,7.27689,0.123067,1
100,100,100,7.26501,0.123282,1
100,100,100,7.25306,0.123498,1
100,100,100,7.24111,0.12371,1
100,100,100,7.22924,0.123914,1
100,100,100,7.21737,0.124116,1
100,100,100,7.20146,0.124324,1
100,100,100,7.18951,0.124609,1
100,100,100,7.17764,0.124831,1
100,100,100,7.16577,0.125051,1
100,100,100,7.15382,0.125267,1
100,100,100,7.14195,0.125476,1
100,100,100,7.13001,0.125686,1
100,100,100,7.11418,0.125909,1
100,100,100,7.10223,0.126205,1
100,100,100,7.09036,0.126429,1
100,100,100,7.07842,0.126645,1
100,100,100,7.06655,0.126857,1
100,100,100,7.05461,0.12707,1
100,100,100,7.04274,0.12729,1
100,100,100,7.0308,0.127517,1
100,100,100,7.01497,0.127753,1
100,100,100,7.00311,0.128053,1
100,100,100,6.99116,0.128274,1
100,98.9522,100,6.97922,0.128492,1
100,97.7519,100,6.96735,0.128717,1
100,96.5517,100,6.95549,0.128949,1
100,94.9513,100,6.93959,0.129188,1
100,93.751,100,6.92765,0.129493,1
100,92.5506,100,6.91579,0.129716,1
100,91.3503,100,6.90392,0.129937,1
100,90.15,100,6.89198,0.130163,1
100,88.9498,100,6.88012,0.130398,1
100,87.7495,100,6.86818,0.130637,1
100,86.1491,100,6.85237,0.130883,1
100,84.9487,100,6.84043,0.131193,1
100,83.7484,100,6.82857,0.131422,1
100,82.5481,100,6.81663,0.131652,1
100,81.3478,100,6.80477,0.131892,1
100,80.1475,100,6.79283,0.132137,1
100,78.5471,100,6.77702,0.132385,1
100,77.3468,100,6.76508,0.132698,1
100,76.1465,100,6.75322,0.132931,1
100,74.9462,100,6.74129,0.133165,1
100,73.7459,100,6.72943,0.133407,1
100,72.5456,100,6.71749,0.133655,1
100,71.3453,100,6.70564,0.133907,1
100,69.7449,100,6.68983,0.13416,1
100,68.5446,100,6.67789,0.134481,1
100,67.3442,100,6.66596,0.13472,0
100,66.9322,100,6.66201,0.134954,2
100,68.2005,69.576,6.66186,0.0693993,0
100,70.2593,68.4752,6.66178,0.0365659,0
100,70.2596,68.4774,6.66178,0.0365828,0
100,70.2597,68.4782,6.66178,0.0365883,2
100,100,68.2722,6.66163,-0.0290594,0
100,100,69.1684,6.66155,-0.0618933,0
100,100,69.1678,6.66155,-0.0618777,0
100,100,69.1675,6.66155,-0.0618696,0
100,100,69.1673,6.66155,-0.0618655,2
100,100,100,6.66132,-0.160358,0
100,100,100,6.66125,-0.193194,0
100,100,100,6.66125,-0.19317,0
100,100,100,6.66125,-0.193159,0
100,100,100,6.66125,-0.193153,1
100,100,100,6.65343,-0.200645,0
100,100,100,6.64952,-0.200883,0
100,100,100,6.64952,-0.20101,0
100,100,100,6.64952,-0.201014,0
100,100,100,6.64952,-0.201014,1
100,100,100,6.64172,-0.208034,1
100,100,100,6.62994,-0.208291,1
100,100,100,6.61816,-0.208676,1
100,100,100,6.60645,-0.209054,1
100,100,100,6.59475,-0.209427,1
100,100,100,6.57907,-0.209807,1
100,100,100,6.5673,-0.210322,1
100,100,100,6.55559,-0.210718,1
100,100,100,6.5439,-0.211111,1
100,100,100,6.5322,-0.211502,1
100,100,100,6.52043,-0.211888,1
100,100,100,6.50866,-0.21228,1
100,100,100,6.49306,-0.212682,1
100,100,100,6.48137,-0.213216,1
100,100,100,6.4696,-0.213618,1
100,100,100,6.45783,-0.214017,1
100,100,100,6.44614,-0.214413,1
100,100,100,6.43056,-0.21481,1
100,100,100,6.41879,-0.215345,1
100,100,100,6.40703,-0.215757,1
100,100,100,6.39535,-0.216172,1
100,100,100,6.38366,-0.216583,1
100,100,100,6.3719,-0.216991,1
100,99.2949,100,6.36014,-0.217399,1
100,98.0949,100,6.34846,-0.217814,1
100,96.4952,100,6.33289,-0.218237,1
100,95.2955,100,6.32113,-0.218797,1
100,94.0955,99.4721,6.30938,-0.219218,1
100,92.8952,98.0957,6.2977,-0.219635,1
100,91.6949,96.7278,6.28603,-0.220049,1
100,90.4947,95.3669,6.27435,-0.220467,1
100,89.2947,94.0122,6.2626,-0.220891,1
100,88.0949,92.6633,6.25086,-0.221324,1
100,86.4951,90.8737,6.23529,-0.221763,1
100,85.295,89.5383,6.22362,-0.222333,1
100,84.0947,88.2085,6.21188,-0.222759,1
100,82.8946,86.8831,6.20014,-0.223191,1
100,81.6946,85.5615,6.18847,-0.22363,1
100,80.0949,83.8049,6.17292,-0.224078,1
100,78.895,82.4922,6.16118,-0.224663,1
100,77.6948,81.1839,6.14944,-0.225102,1
100,76.4944,79.8792,6.13778,-0.225539,1
100,75.2942,78.5778,6.12612,-0.225976,1
100,74.0941,77.2791,6.11439,-0.226419,1
100,72.8941,75.983,6.10265,-0.226871,1
100,71.6942,74.6896,6.091,-0.227328,1
100,70.0942,72.9696,6.07546,-0.227784,1
100,68.8939,71.683,6.06373,-0.228381,1
100,67.6937,70.3991,6.052,-0.228832,1
100,66.4936,69.1175,6.04035,-0.22929,1
100,65.2937,67.8378,6.0287,-0.229752,1
100,64.0938,66.5603,6.01705,-0.23022,1
100,62.8938,65.2853,6.00533,-0.230683,1
100,61.2934,63.5891,5.98973,-0.231144,1
100,60.093,62.3194,5.97808,-0.231757,1
100,58.8929,61.0517,5.96644,-0.23222,1
100,57.6928,59.7857,5.95472,-0.232689,1
100,56.4928,58.5214,5.94301,-0.233168,1
100,55.2928,57.259,5.93137,-0.233648,1
100,53.6926,55.5788,5.91585,-0.234125,1
100,52.4923,54.3209,5.90414,-0.234752,1
100,51.2921,53.0648,5.89243,-0.235231,1
100,50.092,51.8101,5.8808,-0.235717,1
100,48.8921,50.557,5.86916,-0.236206,1
100,47.692,49.3055,5.85746,-0.236696,1
100,46.4918,48.0558,5.84575,-0.237183,1
100,44.8913,46.3921,5.83025,-0.237668,1
100,43.6911,45.1462,5.81862,-0.238314,1
100,42.4909,43.9017,5.80692,-0.238805,1
100,41.2908,42.6585,5.79523,-0.239306,0
100,40.8798,42.2331,5.79135,-0.239796,3
45.9028,40.2129,44.6178,5.7912,-0.174371,0
43.9408,40.2655,47.2232,5.79113,-0.141566,0
43.943,40.2668,47.2231,5.79113,-0.141581,0
43.9441,40.2675,47.2231,5.79113,-0.141588,3
41.4964,42.1763,100,5.7909,-0.0427344,0
41.2934,43.8495,100,5.79082,-0.00952521,0
41.2935,43.8477,100,5.79082,-0.00955144,3
41.6504,100,100,5.79067,0.0561886,0
42.2819,100,100,5.79059,0.0891279,0
42.2812,100,100,5.79059,0.089105,0
42.2809,100,100,5.79059,0.0890913,0
42.2808,100,100,5.79059,0.0890865,0
42.2807,100,100,5.79059,0.089084,3
45.3173,100,100,5.79044,0.154729,0
100,100,100,5.79044,0.18761,0
100,100,100,5.79044,0.187594,0
100,100,100,5.79044,0.187587,0
100,100,100,5.79044,0.187582,0
100,100,100,5.79044,0.187581,3
100,100,100,5.79029,0.253209,0
100,100,100,5.79022,0.286074,0
100,100,100,5.79022,0.286063,0
100,100,100,5.79022,0.286056,0
100,100,100,5.79022,0.286052,1
100,100,100,5.77866,0.286102,0
100,100,100,5.77484,0.286677,0
100,100,100,5.77484,0.286875,0
100,100,100,5.77484,0.286876,0
100,100,100,5.77484,0.286876,1
100,100,100,5.76712,0.286905,1
100,100,100,5.75564,0.287302,1
100,100,100,5.74035,0.287887,1
100,100,100,5.72881,0.288679,1
100,100,100,5.71726,0.289284,1
100,100,100,5.7058,0.289894,1
100,100,100,5.69434,0.290497,1
100,100,100,5.68288,0.291096,1
100,100,100,5.67127,0.291694,1
100,100,100,5.65982,0.292308,1
100,100,100,5.64454,0.292929,1
100,100,100,5.63309,0.293759,1
100,100,100,5.62157,0.294387,1
100,100,100,5.61005,0.295014,1
100,100,100,5.59861,0.295637,1
100,100,100,5.58716,0.296257,1
100,100,100,5.57184,0.296888,1
100,100,100,5.56033,0.297738,1
100,100,100,5.54889,0.29838,1
100,100,100,5.53746,0.299014,1
100,100,100,5.52595,0.299645,1
100,100,100,5.51445,0.300285,1
100,100,100,5.49922,0.300937,1
100,100,100,5.48779,0.30181,1
100,100,100,5.4763,0.302473,1
100,100,100,5.46481,0.303137,1
100,100,100,5.45339,0.303796,1
100,100,100,5.44198,0.304449,1
100,100,100,5.4305,0.305108,1
100,100,100,5.41901,0.305782,1
100,100,100,5.40381,0.306461,1
99.0726,100,100,5.3924,0.307355,1
97.9373,100,100,5.381,0.308023,1
96.8032,100,100,5.36946,0.308692,1
95.6707,100,100,5.35806,0.309377,1
94.5401,100,100,5.34667,0.310065,1
93.0354,100,100,5.33148,0.310766,1
91.9085,100,100,5.32002,0.311694,1
90.7825,100,100,5.30857,0.312393,0
90.3748,100,100,5.30477,0.313075,2
88.3592,98.2369,100,5.30462,0.247693,0
88.5615,91.3216,100,5.30455,0.214873,0
88.5658,91.3296,100,5.30455,0.214893,0
88.5672,91.3323,100,5.30455,0.214899,2
91.5215,87.6151,100,5.3044,0.149265,0
95.5619,87.2196,96.0687,5.30432,0.116441,0
95.5591,87.2198,96.0727,5.30432,0.116458,2
100,88.7359,89.6468,5.30417,0.0508105,0
100,91.1113,88.6131,5.30409,0.017988,0
100,91.1088,88.6136,5.30409,0.0180132,0
100,91.108,88.6137,5.30409,0.0180214,2
100,100,88.8583,5.30401,-0.0476149,0
100,100,90.2524,5.30394,-0.0804423,0
100,100,90.2514,5.30394,-0.0804263,0
100,100,90.2508,5.30394,-0.080418,0
100,100,90.2506,5.30394,-0.0804136,0
100,100,90.2504,5.30394,-0.0804113,1
100,100,89.1179,5.29186,-0.080017,0
100,100,88.7015,5.28788,-0.0801902,0
100,100,88.7127,5.28788,-0.0802513,0
100,100,88.7186,5.28788,-0.080252,0
100,100,88.7216,5.28788,-0.0802525,1
100,100,87.9701,5.27993,-0.0798351,1
100,100,86.833,5.26801,-0.079925,1
100,100,85.3275,5.2521,-0.0800873,1
100,100,84.2029,5.24002,-0.0803242,1
100,100,83.0809,5.2281,-0.0805045,1
100,100,81.9609,5.21617,-0.080681,1
100,100,80.8428,5.20425,-0.0808581,1
100,100,79.7264,5.19217,-0.081036,1
100,100,78.6117,5.18024,-0.0812169,1
100,100,77.1283,5.16434,-0.0813953,1
100,100,76.0178,5.15242,-0.0816408,1
100,100,74.9088,5.14034,-0.0818167,1
100,100,73.8009,5.12842,-0.0819865,1
100,100,72.6948,5.11649,-0.0821515,1
100,100,71.5911,5.10457,-0.0823241,1
100,100,70.4899,5.09264,-0.0825066,1
100,100,69.3912,5.08057,-0.0826959,1
100,100,67.9294,5.06467,-0.082885,2
100,100,100,5.06057,-0.148873,0
100,100,100,5.0605,-0.181936,0
100,100,100,5.0605,-0.181927,0
100,100,100,5.0605,-0.181921,0
100,100,100,5.0605,-0.181918,1
100,100,100,5.05266,-0.188826,0
100,100,100,5.04875,-0.189132,0
100,100,100,5.04875,-0.189287,0
100,100,100,5.04875,-0.189289,0
100,100,100,5.04875,-0.189289,1
100,100,100,5.04085,-0.19666,1
100,100,100,5.02904,-0.196988,1
100,100,100,5.01731,-0.197465,1
100,100,100,5.00167,-0.19794,1
100,100,100,4.98986,-0.198573,1
100,100,100,4.97806,-0.199055,1
100,100,100,4.96633,-0.199542,1
100,100,100,4.95461,-0.200032,1
100,100,100,4.94288,-0.200526,1
100,100,100,4.93108,-0.201015,1
100,100,100,4.91538,-0.201506,1
100,100,100,4.90366,-0.20216,1
100,100,100,4.89194,-0.202655,1
100,100,100,4.88015,-0.203156,1
100,100,100,4.86835,-0.203665,1
100,100,100,4.85664,-0.204176,1
100,100,100,4.84102,-0.204683,1
100,100,100,4.82923,-0.205357,1
100,100,100,4.81745,-0.205872,1
100,100,100,4.80574,-0.206393,1
100,100,100,4.79403,-0.206918,1
100,100,100,4.78224,-0.207442,1
100,100,100,4.77046,-0.207964,1
100,100,100,4.75876,-0.208487,1
100,100,100,4.74705,-0.20901,1
100,100,100,4.73138,-0.209541,1
100,100,100,4.7196,-0.210256,1
100,100,100,4.7079,-0.2108,1
100,100,100,4.6962,-0.21134,1
100,100,100,4.68451,-0.211879,1
100,100,100,4.67274,-0.212421,1
100,100,100,4.66097,-0.212972,1
100,100,100,4.64538,-0.213534,1
100,100,100,4.63369,-0.214276,1
100,100,100,4.62192,-0.214831,1
100,100,100,4.61016,-0.215389,1
100,100,100,4.59847,-0.215948,1
100,100,100,4.58679,-0.21651,1
100,100,100,4.57503,-0.217078,1
100,100,100,4.56327,-0.217656,1
100,100,100,4.55159,-0.218237,3
100,100,100,4.5474,-0.116049,0
100,100,100,4.54733,-0.0833331,0
100,100,100,4.54733,-0.0833578,0
100,100,100,4.54733,-0.0833725,0
100,100,100,4.54733,-0.0833777,0
100,100,100,4.54733,-0.0833805,0
100,100,100,4.54733,-0.083382,1
100,100,100,4.53938,-0.0811631,0
100,100,100,4.5354,-0.0813005,0
100,100,100,4.5354,-0.0813702,0
100,100,100,4.5354,-0.0813702,0
100,100,100,4.5354,-0.0813707,1
100,100,100,4.52745,-0.0789867,1
100,100,100,4.51537,-0.0791035,1
100,100,100,4.50344,-0.079293,1
100,100,100,4.49152,-0.0794885,1
100,100,100,4.47561,-0.0796819,1
100,100,100,4.46353,-0.0799607,1
100,100,100,4.45161,-0.0801734,1
100,100,100,4.43968,-0.0803831,1
100,100,100,4.42776,-0.0805927,1
100,100,100,4.41575,-0.0808022,1
100,100,100,4.40375,-0.081013,1
100,100,100,4.38785,-0.0812239,1
100,100,100,4.37593,-0.0815133,1
100,100,100,4.36393,-0.0817225,1
100,100,100,4.35193,-0.0819249,1
100,100,100,4.34,-0.0821302,1
100,100,100,4.32808,-0.0823437,1
100,100,100,4.31615,-0.0825602,1
100,100,100,4.30408,-0.082785,1
100,100,100,4.28818,-0.0830117,1
100,100,100,4.27626,-0.083314,1
100,100,100,4.26433,-0.0835394,1
100,100,100,4.25226,-0.0837648,1
100,100,100,4.24033,-0.0839938,1
100,100,100,4.22841,-0.0842242,1
100,100,100,4.21649,-0.084456,1
100,100,100,4.20044,-0.084672,1
100,100,100,4.18852,-0.0849711,1
100,100,100,4.1766,-0.0852013,1
100,100,100,4.16468,-0.0854323,1
100,100,100,4.15268,-0.0856714,1
100,100,100,4.14068,-0.0859159,1
100,100,100,4.12876,-0.0861602,1
100,100,100,4.11287,-0.0864007,1
100,100,100,4.10087,-0.0867272,1
100,100,100,4.08888,-0.0869723,1
100,100,100,4.07696,-0.08722,1
100,100,100,4.06504,-0.0874701,1
100,100,100,4.05312,-0.0877165,1
100,100,100,4.04105,-0.0879539,1
100,100,100,4.02516,-0.0881925,1
100,100,100,4.01324,-0.0885288,1
100,100,100,4.00132,-0.0887823,1
100,100,100,3.98925,-0.0890438,1
100,100,100,3.97733,-0.0893094,1
100,100,100,3.96542,-0.0895719,1
100,100,100,3.9535,-0.0898346,1
100,100,100,3.93746,-0.0900946,1
100,100,100,3.92554,-0.0904533,1
100,100,100,3.91363,-0.0907225,1
100,100,100,3.90171,-0.0909928,1
100,100,100,3.88972,-0.0912544,1
100,100,100,3.87773,-0.0915121,1
100,100,100,3.86582,-0.0917793,1
100,100,100,3.84993,-0.0920461,1
100,100,100,3.83794,-0.0924215,1
100,100,100,3.82595,-0.0927073,1
100,100,100,3.81404,-0.0929933,1
100,100,100,3.80213,-0.0932781,1
100,100,100,3.79021,-0.0935633,1
100,100,100,3.77815,-0.0938492,1
100,100,100,3.76227,-0.0941389,1
100,100,100,3.75036,-0.094532,1
100,100,100,3.73845,-0.0948213,1
100,100,100,3.72638,-0.0951024,1
100,100,100,3.71447,-0.0953902,1
100,100,100,3.70256,-0.0956845,1
100,100,100,3.68668,-0.0959796,1
100,100,100,3.67462,-0.0963908,1
100,100,100,3.66271,-0.0967036,1
100,100,100,3.6508,-0.097013,1
100,100,100,3.6389,-0.0973232,1
100,100,100,3.62691,-0.0976341,1
100,100,100,3.61493,-0.0979482,1
100,100,100,3.60302,-0.0982671,1
100,100,100,3.58715,-0.0985836,1
100,100,100,3.57516,-0.0990033,1
100,100,100,3.56318,-0.0993115,1
100,100,100,3.55128,-0.0996346,1
100,100,100,3.53937,-0.0999566,1
100,100,100,3.52342,-0.100286,1
100,100,100,3.51144,-0.100737,1
100,100,100,3.49954,-0.101077,1
100,100,100,3.48764,-0.101415,1
100,100,100,3.47573,-0.101754,1
100,100,100,3.46368,-0.102095,1
100,100,100,3.45178,-0.102443,1
100,100,100,3.43591,-0.10279,1
100,100,100,3.42401,-0.103253,1
100,100,100,3.41195,-0.103591,1
100,100,100,3.40005,-0.103937,1
100,100,100,3.38815,-0.104289,1
100,100,100,3.37626,-0.104646,1
100,100,100,3.3642,-0.105012,1
100,100,100,3.34834,-0.105384,1
100,100,100,3.34041,-0.105881,1
100,100,100,3.32454,-0.106124,1
100,100,100,3.31257,-0.106623,1
100,100,100,3.3006,-0.107001,1
100,100,100,3.2887,-0.107384,1
100,100,100,3.27681,-0.107768,1
100,100,100,3.26491,-0.108145,1
100,100,100,3.2489,-0.108508,1
100,100,100,3.23701,-0.109033,1
100,100,100,3.22512,-0.109422,1
100,100,100,3.21322,-0.109821,1
100,100,100,3.20118,-0.110226,1
100,100,100,3.18929,-0.110637,1
100,100,100,3.1774,-0.111045,1
100,100,100,3.16154,-0.111451,1
100,100,100,3.1495,-0.112003,1
99.151,100,100,3.13761,-0.112425,1
98.2746,100,100,3.12572,-0.112848,1
97.4429,100,100,3.11383,-0.113268,1
96.6809,100,100,3.10179,-0.113682,1
95.8715,100,100,3.08595,-0.1141,1
100,100,100,3.07406,-0.114676,1
100,100,100,3.06217,-0.115111,1
100,100,100,3.05014,-0.115556,1
100,100,100,3.03825,-0.11601,1
100,100,100,3.02637,-0.11646,1
100,100,100,3.01449,-0.116912,1
100,100,100,3.0026,-0.117367,1
100,100,100,2.98661,-0.117821,1
100,100,100,2.97473,-0.118449,1
100,100,100,2.96285,-0.118917,1
100,100,100,2.95097,-0.11938,1
100,100,100,2.93894,-0.119839,1
100,100,100,2.92706,-0.120315,1
100,100,100,2.91122,-0.120789,1
100,100,100,2.90331,-0.121444,1
100,100,100,2.88732,-0.121772,1
100,100,100,2.87544,-0.122445,1
100,100,100,2.86357,-0.122947,1
100,100,100,2.8517,-0.123451,1
100,100,100,2.83967,-0.123959,1
100,100,100,2.8278,-0.124477,1
100,100,100,2.81593,-0.124997,1
100,100,100,2.8001,-0.125514,1
100,100,100,2.78808,-0.126205,1
100,100,100,2.77621,-0.126731,1
100,100,100,2.76434,-0.127264,1
100,100,100,2.75248,-0.127801,1
100,100,100,2.74061,-0.128351,1
100,100,100,2.72859,-0.128905,1
100,100,100,2.71278,-0.129469,1
100,100,100,2.70091,-0.130221,1
100,100,100,2.68905,-0.130787,1
100,100,100,2.67704,-0.131358,1
100,100,100,2.66518,-0.131944,1
100,100,100,2.65332,-0.132529,1
100,100,100,2.64146,-0.133111,1
100,100,100,2.6255,-0.133681,1
100,100,100,2.61364,-0.134486,1
100,100,100,2.60179,-0.135087,1
100,100,100,2.58993,-0.135699,1
100,100,100,2.57793,-0.13632,1
100,100,100,2.56607,-0.136954,1
100,100,100,2.55422,-0.137584,1
100,100,100,2.53842,-0.138217,1
100,100,100,2.52642,-0.139073,1
100,100,100,2.51458,-0.13973,1
100,100,100,2.50273,-0.140387,1
100,100,100,2.49088,-0.141047,1
100,100,100,2.47896,-0.141702,1
100,100,100,2.46704,-0.142363,1
100,100,100,2.4552,-0.143044,1
100,100,100,2.43942,-0.143723,1
100,100,100,2.42758,-0.144655,1
100,100,100,2.41559,-0.145362,1
100,100,100,2.40375,-0.146083,1
100,100,100,2.39191,-0.1468,1
100,100,100,2.38008,-0.147524,1
100,100,100,2.36415,-0.14825,1
100,100,100,2.35232,-0.14925,1
100,100,100,2.34049,-0.15,1
100,100,100,2.32866,-0.150749,1
100,100,100,2.31668,-0.151497,1
100,100,100,2.30486,-0.15227,1
100,100,100,2.29303,-0.153045,1
100,100,100,2.28121,-0.15383,1
100,100,100,2.2653,-0.154629,1
100,100,100,2.25348,-0.155719,1
100,100,100,2.24166,-0.156536,1
100,100,100,2.22985,-0.157361,1
100,100,100,2.21795,-0.158193,1
100,100,100,2.20607,-0.159039,1
100,100,100,2.19425,-0.159897,1
100,100,100,2.17851,-0.160754,1
100,100,100,2.16663,-0.161905,1
100,100,100,2.15474,-0.16278,1
100,100,100,2.14294,-0.163673,1
100,100,100,2.13114,-0.164571,1
100,100,100,2.11934,-0.165485,1
100,100,100,2.10739,-0.166411,1
100,100,100,2.09166,-0.167357,1
100,100,100,2.07986,-0.16862,1
100,100,100,2.06807,-0.169577,1
100,100,100,2.05613,-0.170544,1
100,100,100,2.04434,-0.171537,1
100,100,100,2.03256,-0.172531,1
100,100,100,2.02077,-0.173529,1
100,100,100,2.00491,-0.174521,1
100,100,100,1.99313,-0.175899,1
100,100,100,1.98136,-0.176936,1
100,100,100,1.96958,-0.17799,1
100,100,100,1.95773,-0.179063,0
100,100,100,1.95373,-0.18016,2
100,100,100,1.95351,-0.278954,0
100,100,100,1.95351,-0.31187,0
100,100,100,1.95351,-0.311848,0
100,100,100,1.95351,-0.311837,0
100,100,100,1.95351,-0.311832,0
100,100,100,1.95351,-0.311829,0
100,100,100,1.95351,-0.311828,0
100,100,100,1.95351,-0.311827,0
100,100,100,1.95351,-0.311826,0
100,100,100,1.95351,-0.311826,0
100,100,100,1.95351,-0.311826,3
100,100,100,1.95329,-0.246232,0
100,100,100,1.95321,-0.21345,3
100,100,99.3538,1.95306,-0.147832,0
100,100,95.6747,1.95306,-0.114805,0
100,100,95.6772,1.95306,-0.114838,0
100,100,95.6779,1.95306,-0.114848,0
100,100,95.6783,1.95306,-0.114854,0
100,100,95.6785,1.95306,-0.114857,0
100,100,95.6786,1.95306,-0.114858,0
100,100,95.6787,1.95306,-0.114859,0
100,100,95.6787,1.95306,-0.11486,0
100,100,95.6788,1.95306,-0.11486,0
100,100,95.6788,1.95306,-0.11486,0
100,100,95.6788,1.95306,-0.11486,0
100,100,95.6788,1.95306,-0.11486,0
100,100,95.6788,1.95306,-0.11486,3
100,100,93.3879,1.95291,-0.049242,0
100,96.7344,93.6006,1.95283,-0.016372,0
100,96.7357,93.6004,1.95283,-0.0163835,0
100,96.7363,93.6003,1.95283,-0.0163889,0
100,96.7367,93.6002,1.95283,-0.0163917,0
100,96.7368,93.6002,1.95283,-0.0163931,0
100,96.7369,93.6002,1.95283,-0.0163939,3
100,92.6306,96.9275,1.95268,0.0492363,0
100,92.2294,100,1.9526,0.0820999,0
100,92.2293,100,1.9526,0.082092,0
100,92.2293,100,1.9526,0.0820866,0
100,92.2293,100,1.9526,0.0820838,1
100,91.4472,100,1.94465,0.082143,0
100,91.0045,100,1.9406,0.0824641,0
100,91.0144,100,1.9406,0.0826389,0
100,91.0196,100,1.9406,0.0826399,0
100,91.0223,100,1.9406,0.0826404,1
98.7865,89.8356,99.0967,1.92868,0.0826753,1
97.3354,88.6239,97.6311,1.91668,0.0831936,1
95.9032,87.4158,96.1892,1.90476,0.0837289,1
94.4852,86.2097,94.763,1.89283,0.0842688,1
92.6129,84.603,92.8784,1.87686,0.084813,1
91.2209,83.3985,91.4743,1.86486,0.0855347,1
89.8367,82.1942,90.0785,1.85294,0.0860828,1
88.458,80.9902,88.6917,1.84102,0.0866432,1
87.0845,79.7862,87.3129,1.82903,0.0872179,1
85.7171,78.5823,85.9402,1.81711,0.0878022,1
83.9035,76.9773,84.1174,1.80114,0.0883849,1
82.5501,75.7736,82.7555,1.78923,0.0891657,1
81.2011,74.57,81.3988,1.77723,0.0897573,1
79.8557,73.3664,80.0477,1.76532,0.0903676,1
78.5135,72.163,78.7019,1.75333,0.0909905,0
78.0338,71.7394,78.2204,1.74936,0.091608,0
78.0533,71.7524,78.2398,1.74936,0.0918203,0
78.0601,71.7569,78.2465,1.74936,0.0918214,0
78.0636,71.7593,78.25,1.74936,0.0918217,0
78.0654,71.7605,78.2517,1.74936,0.0918218,0
78.0664,71.7611,78.2526,1.74936,0.0918218,0
78.0668,71.7614,78.2531,1.74936,0.0918217,0
78.0671,71.7616,78.2533,1.74936,0.0918216,2
100,74.3514,73.1763,1.74913,-0.00659618,0
100,77.1424,72.8841,1.74905,-0.0394073,0
100,77.1397,72.8842,1.74905,-0.0393869,0
100,77.1384,72.8842,1.74905,-0.0393757,0
100,77.1376,72.8842,1.74905,-0.0393699,0
100,77.1373,72.8842,1.74905,-0.0393667,0
100,77.137,72.8842,1.74905,-0.0393647,1
100,75.914,72.1339,1.74108,-0.0352204,0
100,75.4674,71.7055,1.73702,-0.0353773,0
100,75.477,71.7125,1.73702,-0.0354534,0
100,75.4821,71.7161,1.73702,-0.0354511,0
100,75.4848,71.718,1.73702,-0.0354507,1
100,73.9303,70.5677,1.72506,-0.031575,1
100,72.7167,69.3636,1.7131,-0.031791,1
100,71.5074,68.1631,1.70106,-0.0320112,1
100,70.2998,66.9649,1.6891,-0.0322303,1
100,69.0927,65.7681,1.67707,-0.0324455,1
100,67.886,64.5725,1.66511,-0.0326631,1
100,66.6801,63.3779,1.65315,-0.0328885,1
100,65.0736,61.7865,1.63713,-0.0331253,1
100,63.8691,60.594,1.6251,-0.0334511,1
100,62.6645,59.4024,1.61314,-0.0336966,1
100,61.4595,58.2117,1.60118,-0.0339387,1
100,60.2543,57.0218,1.58915,-0.0341794,1
100,59.0492,55.8328,1.57711,-0.0344255,1
100,57.4431,54.2487,1.56117,-0.0346783,1
100,56.2392,53.0617,1.54921,-0.035033,2
100,100,53.4432,1.54509,-0.102199,0
100,100,54.4381,1.54501,-0.135307,0
100,100,54.4414,1.54501,-0.1353,0
100,100,54.4431,1.54501,-0.135293,0
100,100,54.444,1.54501,-0.13529,0
100,100,54.4444,1.54501,-0.135288,0
100,100,54.4447,1.54501,-0.135287,0
100,100,54.4448,1.54501,-0.135286,2
100,100,58.9144,1.54486,-0.200924,0
100,100,100,1.54479,-0.233776,0
100,100,100,1.54479,-0.233773,0
100,100,100,1.54479,-0.233766,1
100,100,100,1.53696,-0.235661,0
100,100,100,1.53301,-0.236896,0
100,100,100,1.53301,-0.237518,0
100,100,100,1.53301,-0.237517,0
100,100,100,1.53301,-0.237517,1
100,100,100,1.52526,-0.23955,1
100,100,100,1.51364,-0.240806,1
100,100,100,1.50203,-0.242706,1
100,100,100,1.49043,-0.244626,1
100,100,100,1.47481,-0.246576,1
100,100,100,1.46322,-0.249248,1
100,100,100,1.45164,-0.251272,1
100,100,100,1.44006,-0.25333,1
100,100,100,1.42833,-0.255422,1
100,100,100,1.41677,-0.257572,1
100,100,100,1.40521,-0.25973,1
100,100,100,1.38981,-0.261938,1
100,100,100,1.37811,-0.264935,1
100,100,100,1.36658,-0.267255,1
100,100,100,1.35505,-0.26958,1
100,100,100,1.34353,-0.271938,1
100,100,100,1.33194,-0.274334,1
100,100,100,1.32036,-0.276788,1
100,100,100,1.30886,-0.279287,1
100,100,100,1.29355,-0.281817,1
100,100,100,1.282,-0.285256,1
100,100,100,1.27046,-0.287908,1
100,100,100,1.259,-0.290605,1
100,100,100,1.24755,-0.293337,1
100,100,100,1.23611,-0.29613,1
100,100,100,1.22073,-0.298984,1
100,100,100,1.20931,-0.302884,1
100,100,100,1.19791,-0.305845,1
100,100,100,1.18652,-0.308857,1
100,100,100,1.17499,-0.311926,1
100,100,100,1.16362,-0.315097,1
100,100,100,1.15226,-0.318291,1
100,100,100,1.13714,-0.321552,1
100,100,100,1.12566,-0.325995,1
100,100,100,1.11435,-0.329449,1
100,100,100,1.10305,-0.332929,0
100,100,100,1.09928,-0.336474,3
100,100,100,1.09914,-0.272039,0
100,100,100,1.09906,-0.239252,0
100,100,100,1.09906,-0.239279,0
100,100,100,1.09906,-0.239284,0
100,100,100,1.09906,-0.239286,0
100,100,100,1.09906,-0.239287,0
100,100,100,1.09906,-0.239288,1
100,100,100,1.0913,-0.233947,0
100,100,100,1.08743,-0.235639,0
100,100,100,1.08743,-0.236488,0
100,100,100,1.08743,-0.236486,0
100,100,100,1.08743,-0.236486,1
100,100,100,1.07959,-0.230775,1
100,100,100,1.06787,-0.232473,1
100,100,100,1.05624,-0.235054,1
100,100,100,1.04462,-0.237681,1
100,100,100,1.02906,-0.240373,1
100,100,100,1.01738,-0.244079,1
100,100,100,1.00578,-0.246934,1
100,100,100,0.994189,-0.249835,1
100,100,100,0.982609,-0.2528,1
100,100,100,0.97089,-0.255835,1
100,100,100,0.95933,-0.258987,1
100,100,100,0.943931,-0.262174,1
100,100,100,0.932394,-0.266546,1
100,100,100,0.920721,-0.269916,1
100,100,100,0.909206,-0.273413,1
100,100,100,0.897703,-0.276954,1
100,100,100,0.886213,-0.280593,1
100,100,100,0.874661,-0.284329,1
100,100,100,0.859304,-0.288186,1
100,100,100,0.847858,-0.293481,1
100,100,100,0.836427,-0.297555,1
100,100,100,0.824937,-0.301738,1
100,100,100,0.813463,-0.306068,1
100,100,100,0.798288,-0.310521,1
100,100,100,0.786926,-0.31662,1
100,100,100,0.77551,-0.321345,1
100,100,100,0.764113,-0.326238,1
100,100,100,0.752809,-0.331275,1
100,100,100,0.741526,-0.336435,1
100,100,100,0.730264,-0.341759,1
100,100,100,0.718881,-0.347247,1
100,100,100,0.703933,-0.352977,1
100,100,100,0.692751,-0.360804,1
100,100,100,0.681596,-0.366892,1
100,100,100,0.670327,-0.373178,1
100,100,100,0.659229,-0.379763,1
100,100,100,0.648163,-0.386485,1
100,100,100,0.633458,-0.393434,1
100,100,100,0.622329,-0.403078,1
100,100,100,0.611378,-0.410703,1
100,100,100,0.600465,-0.418505,1
100,100,100,0.589593,-0.426598,3
100,100,100,0.585661,-0.369406,0
100,100,100,0.585589,-0.339125,0
100,100,100,0.585589,-0.339182,0
100,100,100,0.585589,-0.339189,0
100,100,100,0.585589,-0.339193,3
100,100,50.4455,0.585441,-0.273544,0
100,100,49.1927,0.585367,-0.240736,0
100,100,49.1933,0.585367,-0.240784,0
100,100,49.1935,0.585367,-0.240791,0
100,100,49.1937,0.585367,-0.240796,3
100,55.0474,48.2309,0.585215,-0.175157,0
100,50.5583,48.2833,0.585139,-0.142341,0
100,50.5596,48.2831,0.585139,-0.142376,0
100,50.5601,48.2831,0.585139,-0.142384,3
100,47.8496,49.4171,0.584986,-0.0767453,0
100,47.3117,50.6738,0.58491,-0.0439099,0
100,47.3119,50.6727,0.58491,-0.0439367,0
100,47.312,50.6724,0.58491,-0.0439434,0
100,47.312,50.6722,0.58491,-0.0439468,0
100,47.312,50.6721,0.58491,-0.0439487,0
100,47.312,50.6721,0.58491,-0.0439496,0
100,47.312,50.6721,0.58491,-0.0439502,0
100,47.312,50.672,0.58491,-0.0439505,0
100,47.312,50.672,0.58491,-0.0439507,0
100,47.312,50.672,0.58491,-0.0439508,0
100,47.312,50.672,0.58491,-0.0439509,0
100,47.312,50.672,0.58491,-0.0439509,0
100,47.312,50.672,0.58491,-0.043951,0
100,47.312,50.672,0.58491,-0.043951,0
100,47.312,50.672,0.58491,-0.043951,0
100,47.312,50.672,0.58491,-0.043951,3
50.8589,47.2717,100,0.584756,0.0216531,0
49.5314,47.7633,100,0.584679,0.0544951,0
49.5318,47.763,100,0.584679,0.0544887,0
49.5321,47.7629,100,0.584679,0.0544819,0
49.5322,47.7628,100,0.584679,0.0544784,0
49.5322,47.7627,100,0.584679,0.0544765,0
49.5323,47.7627,100,0.584679,0.0544753,0
49.5323,47.7627,100,0.584679,0.0544748,0
49.5323,47.7627,100,0.584679,0.0544746,0
49.5323,47.7627,100,0.584679,0.0544744,2
53.1901,47.1287,52.8343,0.584526,-0.0111282,0
100,47.3125,50.6716,0.584449,-0.0439548,0
100,47.3124,50.6722,0.584449,-0.0439475,0
100,47.3123,50.6726,0.584449,-0.0439407,0
100,47.3122,50.6728,0.584449,-0.0439365,0
100,47.3122,50.6729,0.584449,-0.043935,0
100,47.3122,50.6729,0.584449,-0.0439342,0
100,47.3122,50.6729,0.584449,-0.0439338,0
100,47.3122,50.6729,0.584449,-0.0439335,0
100,47.3122,50.6729,0.584449,-0.0439334,0
100,47.3122,50.6729,0.584449,-0.0439333,0
100,47.3122,50.6729,0.584449,-0.0439332,0
100,47.3122,50.6729,0.584449,-0.0439332,0
100,47.3122,50.6729,0.584449,-0.0439332,0
100,47.3122,50.6729,0.584449,-0.0439332,0
100,47.3122,50.6729,0.584449,-0.0439332,0
100,47.3122,50.6729,0.584449,-0.0439331,0
100,47.3122,50.6729,0.584449,-0.0439331,0
100,47.3122,50.6729,0.584449,-0.0439331,1
100,46.5193,49.8237,0.576481,-0.0439241,0
100,46.1045,49.3798,0.572496,-0.0445532,0
100,46.1082,49.3837,0.572496,-0.0448589,0
100,46.11,49.3857,0.572496,-0.0448565,1
100,45.318,48.539,0.564528,-0.0448478,0
100,44.9038,48.0965,0.560544,-0.045501,0
100,44.9077,48.1007,0.560544,-0.0458198,1
100,44.1166,47.2567,0.552499,-0.0458068,0
100,43.7046,46.8176,0.548438,-0.0464892,0
100,43.7079,46.8211,0.548438,-0.0468298,0
100,43.7096,46.8229,0.548438,-0.0468278,0
100,43.7105,46.8238,0.548438,-0.0468269,1
100,42.5163,45.553,0.536487,-0.046807,1
100,41.3133,44.2751,0.524536,-0.0478398,1
100,40.1116,43.0006,0.512586,-0.0489206,1
48.416,38.9106,41.7285,0.50056,-0.0500575,1
46.5086,37.71,40.4587,0.488535,-0.0512619,0
45.9144,37.2989,40.0242,0.484552,-0.0525422,0
45.9224,37.304,40.0295,0.484552,-0.0529699,0
45.9265,37.3067,40.0323,0.484552,-0.0529677,0
45.9287,37.308,40.0337,0.484552,-0.0529667,0
45.9301,37.3089,40.0346,0.484552,-0.0529663,0
45.9306,37.3092,40.0349,0.484552,-0.0529662,0
45.9308,37.3093,40.035,0.484552,-0.0529662,0
45.931,37.3094,40.0351,0.484552,-0.0529662,0
45.931,37.3094,40.0351,0.484552,-0.0529662,0
45.9311,37.3094,40.0352,0.484552,-0.0529663,0
45.9311,37.3095,40.0352,0.484552,-0.0529663,0
100,93.9357,100,7.83,-0.0986111,1
100,93.1439,100,7.82206,-0.0986111,1
100,91.9396,100,7.81016,-0.0987115,1
100,90.7372,100,7.79825,-0.0988624,1
100,89.5358,100,7.78634,-0.0990138,1
100,88.3349,100,7.77428,-0.0991657,1
100,87.1343,100,7.76238,-0.0993201,1
100,85.5338,100,7.7465,-0.099473,1
100,84.3335,100,7.7346,-0.0996775,1
100,83.1331,100,7.72254,-0.0998314,1
100,81.9328,100,7.71063,-0.0999877,1
100,80.7324,100,7.69873,-0.100143,1
100,79.5321,100,7.68682,-0.100298,1
100,78.3318,100,7.67492,-0.100454,1
100,76.7315,100,7.65889,-0.10061,1
100,75.5312,100,7.64699,-0.100821,1
100,74.3308,100,7.63509,-0.100979,1
100,73.1304,83.2577,7.62318,-0.101137,1
100,71.9301,81.2026,7.61113,-0.101295,1
100,70.7298,79.4676,7.59922,-0.101456,1
100,69.5296,77.846,7.58732,-0.101616,1
100,67.9292,75.7796,7.57145,-0.101776,1
100,66.7289,74.2764,7.55939,-0.10199,1
100,65.5285,72.8018,7.54749,-0.102153,1
100,64.3281,71.3498,7.53559,-0.102315,1
100,63.1279,69.9163,7.52369,-0.102477,1
100,61.9276,68.4982,7.51163,-0.10264,1
100,60.7273,67.0933,7.49973,-0.102805,1
100,59.527,65.6998,7.48783,-0.102968,1
100,58.3267,64.3162,7.47593,-0.103133,1
100,56.7262,62.4853,7.45991,-0.103297,1
100,55.5259,61.1214,7.44801,-0.10352,1
100,54.3256,59.7646,7.4361,-0.103686,1
100,53.1254,58.4143,7.4242,-0.103853,1
61.5708,51.9251,57.07,7.4123,-0.10402,1
59.6976,50.7247,55.7311,7.40025,-0.104187,1
57.478,49.1242,53.9538,7.38439,-0.104357,1
55.9058,47.9239,52.6265,7.37249,-0.104583,1
54.3811,46.7237,51.3036,7.36059,-0.104752,1
52.8904,45.5234,49.9848,7.34853,-0.104922,1
51.4256,44.3231,48.67,7.33664,-0.105095,1
49.9815,43.1228,47.3588,7.32474,-0.105266,1
48.5545,41.9224,46.0511,7.31284,-0.105437,1
47.1419,40.7221,44.7468,7.30079,-0.105609,1
45.7418,39.5218,43.4457,7.28889,-0.105784,1
43.8917,37.9214,41.7158,7.27303,-0.105958,1
42.515,36.7212,40.4218,7.26113,-0.106189,1
41.1465,35.5208,39.1304,7.24908,-0.106364,1
39.7855,34.3205,37.8417,7.23718,-0.106541,1
38.4314,33.1201,36.5556,7.22528,-0.106717,1
37.0836,31.9198,35.272,7.21339,-0.106894,1
35.7416,30.7195,33.9909,7.20149,-0.107071,1
34.4049,29.5193,32.7121,7.18944,-0.107248,1
32.6304,27.9189,31.0105,7.17358,-0.107428,1
31.3048,26.7185,29.7367,7.16169,-0.107667,1
29.9835,25.5182,28.465,7.14979,-0.107846,1
28.6663,24.3178,27.1955,7.13774,-0.108026,1
27.353,23.1176,25.928,7.12585,-0.108209,1
26.0434,21.9173,24.6624,7.11395,-0.10839,1
24.7371,20.717,23.3987,7.10206,-0.108572,1
23.0004,19.1166,21.7165,7.08605,-0.108755,1
21.7016,17.9162,20.4569,7.07415,-0.109001,1
20.4057,16.7159,19.1992,7.06226,-0.109185,1
19.1127,15.5156,17.9431,7.05037,-0.10937,1
17.8225,14.3154,16.6888,7.03832,-0.109555,1
16.1062,12.715,15.0189,7.02246,-0.109743,1
14.8219,11.5146,13.7683,7.01057,-0.109992,1
13.54,10.3143,12.5192,6.99868,-0.110179,1
12.2604,9.11392,11.2717,6.98664,-0.110367,1
10.9832,7.91363,10.0258,6.97474,-0.110558,1
9.70815,6.71338,8.78134,6.96285,-0.110747,1
8.43526,5.51312,7.53838,6.95096,-0.110936,1
7.16439,4.3128,6.29682,6.93892,-0.111127,1
5.47294,2.71231,4.64353,6.92306,-0.11132,1
4.8322,2.08988,3.98762,6.91117,-0.113782,1
4.84756,2.09862,3.99149,6.89929,-0.11461,1
4.85648,2.09989,3.98647,6.8874,-0.115587,1
4.86734,2.10116,3.97982,6.87537,-0.116763,1
4.88094,2.1026,3.97125,6.86349,-0.118203,1
4.89819,2.10435,3.96032,6.85161,-0.119974,1
4.92018,2.10658,3.94648,6.83973,-0.122171,1
4.95937,2.11063,3.92224,6.82375,-0.125893,1
4.99894,2.11486,3.89842,6.81189,-0.129679,1
5.05051,2.12061,3.86836,6.80003,-0.134378,1
5.11626,2.1283,3.83162,6.78818,-0.140188,1
5.20015,2.1387,3.78717,6.7762,-0.147347,1
5.3089,2.15305,3.7333,6.76438,-0.156251,1
5.45082,2.17303,3.66876,6.75258,-0.167291,1
5.70495,2.20587,3.55742,6.7369,-0.186061,1
5.96637,2.23855,3.45293,6.72504,-0.20416,1
6.32107,2.28383,3.33042,6.71338,-0.226147,1
6.82116,2.34859,3.19018,6.70179,-0.25283,1
7.57527,2.44284,3.03329,6.69031,-0.28497,1
8.91739,2.58193,2.86214,6.67882,-0.323359,1
100,2.78129,2.68782,6.66765,-0.366144,1
100,2.90189,2.60801,6.65652,-0.375596,1
100,3.03098,2.53628,6.64168,-0.375831,1
100,3.13951,2.48463,6.63056,-0.376608,1
100,3.25963,2.43495,6.61929,-0.377239,1
100,3.39312,2.38731,6.60817,-0.377917,1
100,3.54223,2.34176,6.59706,-0.378614,1
100,3.70988,2.29834,6.58594,-0.379332,1
100,3.96912,2.2439,6.57099,-0.380078,1
100,4.19765,2.20577,6.55988,-0.381037,1
100,4.46506,2.17003,6.54878,-0.381765,1
100,4.66743,2.15836,6.53765,-0.374785,1
100,4.73068,2.17261,6.5263,-0.358698,1
100,4.76178,2.17961,6.51503,-0.342497,1
100,4.77469,2.18274,6.5037,-0.326678,1
100,4.77804,2.18389,6.49231,-0.311555,1
100,4.77549,2.18396,6.47689,-0.292535,1
100,4.77142,2.18358,6.46539,-0.279659,1
100,4.76667,2.18303,6.45386,-0.267515,1
100,4.76167,2.18239,6.44228,-0.25626,1
98.4452,4.75654,2.1817,6.43053,-0.245854,1
97.0641,4.75141,2.18099,6.4189,-0.236258,1
95.8323,4.74462,2.18008,6.40334,-0.224485,1
95.166,4.73963,2.17945,6.39166,-0.21668,1
94.6197,4.73431,2.17882,6.3798,-0.208941,1
94.1952,4.72848,2.17814,6.36808,-0.201916,1
94.0009,4.77773,2.16737,6.35635,-0.198986,1
93.8331,4.83089,2.15811,6.34462,-0.196405,1
93.4437,4.76927,2.16638,6.33286,-0.186922,1
93.2181,4.73659,2.17039,6.32094,-0.180217,1
93.0705,4.71834,2.17224,6.30916,-0.17511,1
92.938,4.70522,2.17314,6.29344,-0.169672,1
92.8675,4.69964,2.17329,6.28164,-0.166511,1
92.8136,4.69592,2.17324,6.26968,-0.16369,1
92.7719,4.69321,2.17312,6.25787,-0.161226,1
92.7396,4.69105,2.17297,6.24606,-0.159046,1
92.7146,4.68916,2.17282,6.23424,-0.157113,1
92.6822,4.7003,2.16702,6.21833,-0.15574,1
92.6703,4.69135,2.16932,6.2065,-0.153717,1
92.6623,4.68596,2.17042,6.19468,-0.152098,1
92.6567,4.68257,2.17093,6.18285,-0.150809,1
92.636,4.69427,2.16264,6.17087,-0.151137,1
92.5906,4.75465,2.14231,6.15905,-0.154873,1
92.5886,4.74863,2.14956,6.14722,-0.152686,1
92.6082,4.71765,2.1604,6.13539,-0.149277,1
92.6282,4.69428,2.16665,6.11945,-0.146651,1
92.6379,4.6844,2.16855,6.10762,-0.145685,1
92.644,4.67899,2.16948,6.09578,-0.145054,1
92.648,4.67594,2.16994,6.08394,-0.144669,1
92.6418,4.67375,2.16532,6.0721,-0.144689,1
92.65,4.67245,2.16832,6.05616,-0.14422,1
92.6536,4.67168,2.16933,6.04432,-0.144189,1
92.6561,4.67108,2.16985,6.03248,-0.144139,1
92.6579,4.67065,2.17011,6.02064,-0.144148,1
92.6381,4.66621,2.15794,6.00864,-0.144726,1
92.6531,4.65972,2.16189,5.9968,-0.144148,1
92.6608,4.65731,2.16416,5.98496,-0.143998,1
92.6647,4.65679,2.16547,5.97312,-0.144061,1
92.6682,4.65591,2.1665,5.95718,-0.144117,1
92.6697,4.65579,2.16701,5.94534,-0.144397,1
92.6703,4.65638,2.1674,5.9335,-0.144638,1
92.6566,4.64818,2.15712,5.92166,-0.145033,1
92.6702,4.64056,2.15959,5.90967,-0.144651,1
92.6785,4.63518,2.16072,5.89783,-0.144555,1
92.6836,4.63089,2.16105,5.88599,-0.144608,1
92.6893,4.6248,2.16084,5.8702,-0.144634,1
92.6905,4.61527,2.15708,5.85821,-0.144781,1
92.6957,4.60577,2.15496,5.84637,-0.144749,1
92.7054,4.59664,2.15499,5.83453,-0.144629,1
92.717,4.58437,2.15429,5.82269,-0.144405,1
92.7318,4.56886,2.15326,5.81085,-0.144047,1
92.7509,4.54918,2.15173,5.79886,-0.143522,1
92.7853,4.51421,2.14839,5.78307,-0.142387,1
92.8216,4.48029,2.14511,5.77122,-0.141373,1
92.8725,4.43941,2.14218,5.75937,-0.139888,1
92.9433,4.38979,2.1393,5.74737,-0.13794,1
93.042,4.32909,2.13604,5.73552,-0.135413,1
93.1515,4.27023,2.13303,5.72366,-0.132885,1
93.2156,4.23898,2.1315,5.7118,-0.131638,1
93.2508,4.2227,2.13075,5.69978,-0.131109,1
93.2743,4.21223,2.13031,5.68397,-0.130865,1
93.283,4.20842,2.13019,5.6721,-0.13104,1
93.2881,4.20625,2.13015,5.66024,-0.131206,1
93.2913,4.20493,2.13015,5.64823,-0.131414,1
93.2935,4.20404,2.13017,5.63637,-0.131649,1
93.2952,4.20339,2.1302,5.62451,-0.131893,1
93.2966,4.20286,2.13024,5.61265,-0.132145,1
93.2983,4.20225,2.1303,5.59668,-0.132392,1
93.2994,4.20183,2.13035,5.58482,-0.132749,1
93.3005,4.20144,2.13039,5.57296,-0.133011,1
93.3016,4.20105,2.13044,5.56111,-0.133274,1
93.3027,4.20065,2.13049,5.54925,-0.133538,1
93.3038,4.20025,2.13053,5.53724,-0.133803,1
93.3053,4.19972,2.1306,5.52143,-0.134066,1
93.3064,4.19933,2.13064,5.50957,-0.134431,1
93.3075,4.19893,2.13069,5.49771,-0.1347,1
93.3086,4.19853,2.13074,5.48571,-0.13497,1
93.3097,4.19812,2.13078,5.47385,-0.135244,1
93.3109,4.19772,2.13083,5.462,-0.135517,1
93.312,4.19732,2.13088,5.45014,-0.135791,1
93.3131,4.19693,2.13092,5.43814,-0.136066,1
93.3146,4.1964,2.13099,5.42233,-0.136339,1
93.3157,4.19599,2.13104,5.41048,-0.136717,1
93.3169,4.19559,2.13108,5.39863,-0.136996,1
93.318,4.19518,2.13113,5.38662,-0.137276,1
93.3191,4.19479,2.13118,5.37477,-0.137562,1
93.3202,4.19439,2.13122,5.36292,-0.137845,1
93.3217,4.19386,2.13129,5.34712,-0.138122,1
93.3229,4.19346,2.13134,5.33512,-0.138511,1
93.324,4.19306,2.13138,5.32327,-0.138802,1
93.3251,4.19265,2.13143,5.31142,-0.13909,1
93.3263,4.19225,2.13148,5.29957,-0.139381,1
93.3274,4.19186,2.13153,5.28772,-0.139672,1
93.3285,4.19146,2.13158,5.27572,-0.139965,1
93.3297,4.19107,2.13162,5.26388,-0.140263,1
93.3312,4.19053,2.13169,5.24808,-0.140551,1
93.3324,4.19012,2.13174,5.23623,-0.140955,1
93.3335,4.18972,2.13178,5.22424,-0.141253,1
93.3346,4.18933,2.13183,5.21239,-0.141558,1
93.3358,4.18893,2.13188,5.20055,-0.14186,1
93.3369,4.18853,2.13193,5.1887,-0.142163,1
93.3381,4.18813,2.13198,5.17671,-0.142467,1
93.3396,4.18759,2.13204,5.16092,-0.142769,1
93.3408,4.18719,2.13209,5.14908,-0.143187,1
93.3419,4.1868,2.13214,5.13723,-0.143496,1
93.3431,4.1864,2.13219,5.12524,-0.143807,1
93.3442,4.18601,2.13224,5.1134,-0.144124,1
93.3454,4.18561,2.13229,5.10156,-0.144438,1
93.3465,4.1852,2.13234,5.08972,-0.144752,1
93.3481,4.18466,2.1324,5.07379,-0.145062,1
93.3492,4.18427,2.13245,5.06195,-0.145498,1
93.3504,4.18387,2.1325,5.05011,-0.145819,1
93.3515,4.18348,2.13255,5.03827,-0.146141,1
93.3527,4.18308,2.1326,5.02644,-0.146464,1
93.3539,4.18267,2.13265,5.01445,-0.146789,1
93.355,4.18227,2.1327,5.00261,-0.14712,1
93.3566,4.18174,2.13276,4.98683,-0.147441,1
93.3578,4.18135,2.13281,4.975,-0.147888,1
93.3589,4.18095,2.13286,4.96302,-0.148221,1
93.3601,4.18055,2.13291,4.95118,-0.148559,1
93.3613,4.18015,2.13296,4.93935,-0.148894,1
93.3624,4.17975,2.13301,4.92752,-0.14923,1
93.3636,4.17935,2.13306,4.91554,-0.149569,1
93.3652,4.17882,2.13313,4.89976,-0.149907,1
93.3663,4.17843,2.13318,4.88793,-0.150371,1
93.3675,4.17803,2.13323,4.8761,-0.150715,1
93.3687,4.17763,2.13328,4.86412,-0.151061,1
93.3699,4.17722,2.13333,4.8523,-0.151413,1
93.3711,4.17682,2.13338,4.84047,-0.151762,1
93.3723,4.17643,2.13343,4.82864,-0.152114,1
93.3734,4.17603,2.13348,4.81667,-0.152467,1
93.375,4.17551,2.13355,4.8009,-0.152819,1
93.3762,4.17511,2.1336,4.78908,-0.153302,1
93.3774,4.1747,2.13365,4.77725,-0.153661,1
93.3786,4.1743,2.1337,4.76543,-0.154022,1
93.3798,4.1739,2.13375,4.75345,-0.154384,1
93.381,4.17351,2.1338,4.74163,-0.154754,1
93.3821,4.17312,2.13385,4.72981,-0.155121,1
93.3833,4.17272,2.1339,4.71799,-0.155489,1
93.3849,4.17218,2.13397,4.70208,-0.155851,1
93.3861,4.17178,2.13402,4.69026,-0.15636,1
93.3873,4.17138,2.13407,4.67845,-0.156735,1
93.3885,4.17099,2.13412,4.66663,-0.157112,1
93.3897,4.17059,2.13417,4.65466,-0.157491,1
93.3909,4.1702,2.13422,4.64284,-0.157876,1
93.3925,4.16966,2.13429,4.62709,-0.158251,1
93.3937,4.16926,2.13434,4.61528,-0.158772,1
93.3949,4.16886,2.13439,4.60331,-0.159159,1
93.3961,4.16846,2.13445,4.5915,-0.159554,1
93.3973,4.16807,2.1345,4.57969,-0.159945,1
93.3985,4.16768,2.13455,4.56788,-0.160339,1
93.3997,4.16728,2.1346,4.55592,-0.160734,1
93.4014,4.16674,2.13467,4.54017,-0.161129,1
93.4026,4.16634,2.13472,4.52836,-0.16167,1
93.4038,4.16594,2.13477,4.51656,-0.162073,1
93.405,4.16555,2.13482,4.5046,-0.162478,1
93.4062,4.16516,2.13488,4.49279,-0.162891,1
93.4074,4.16476,2.13493,4.48099,-0.1633,1
93.4087,4.16436,2.13498,4.46918,-0.163711,1
93.4103,4.16382,2.13505,4.45344,-0.164117,1
93.4115,4.16342,2.1351,4.44149,-0.16468,1
93.4127,4.16303,2.13515,4.42969,-0.165104,1
93.4139,4.16264,2.1352,4.41789,-0.165526,1
93.4152,4.16224,2.13526,4.40609,-0.165949,1
93.4164,4.16184,2.13531,4.39414,-0.166375,1
93.4176,4.16144,2.13536,4.38234,-0.166809,1
93.4189,4.16104,2.13541,4.37054,-0.167239,1
93.4205,4.16051,2.13548,4.35481,-0.167665,1
93.4217,4.16012,2.13553,4.34286,-0.168254,1
93.4229,4.15972,2.13559,4.33107,-0.168698,1
93.4242,4.15932,2.13564,4.31928,-0.169139,1
93.4254,4.15892,2.13569,4.30748,-0.169582,1
93.4267,4.15852,2.13574,4.29554,-0.170028,1
93.4283,4.15799,2.13581,4.27982,-0.170475,1
93.4295,4.1576,2.13587,4.26803,-0.171085,1
93.4308,4.15721,2.13592,4.25624,-0.17154,1
93.432,4.15681,2.13597,4.2443,-0.171997,1
93.4333,4.1564,2.13602,4.23252,-0.172462,1
93.4345,4.156,2.13608,4.22073,-0.172924,1
93.4358,4.15561,2.13613,4.20895,-0.173389,1
93.437,4.15521,2.13618,4.19716,-0.173857,1
93.4387,4.15469,2.13625,4.1813,-0.17432,1
93.4399,4.15429,2.13631,4.16952,-0.174965,1
93.4412,4.15389,2.13636,4.15774,-0.175442,1
93.4424,4.15349,2.13641,4.14596,-0.175921,1
93.4437,4.15309,2.13647,4.13403,-0.176403,1
93.4449,4.1527,2.13652,4.12225,-0.176895,1
93.4466,4.15217,2.13659,4.10655,-0.177375,1
93.4478,4.15177,2.13664,4.09477,-0.178038,1
93.4491,4.15137,2.1367,4.08285,-0.178532,1
93.4504,4.15097,2.13675,4.07108,-0.179036,1
93.4516,4.15057,2.1368,4.0593,-0.179536,1
93.4529,4.15018,2.13686,4.04753,-0.18004,1
93.4541,4.14979,2.13691,4.03561,-0.180547,1
93.4554,4.14939,2.13696,4.02384,-0.181063,1
93.4571,4.14886,2.13703,4.00815,-0.181568,1
93.4584,4.14846,2.13709,3.99639,-0.182263,1
93.4596,4.14806,2.13714,3.98447,-0.182783,1
93.4609,4.14766,2.13719,3.97271,-0.183313,1
93.4622,4.14727,2.13725,3.96095,-0.183839,1
93.4634,4.14688,2.1373,3.94918,-0.184368,1
93.4647,4.14648,2.13736,3.93742,-0.184901,1
93.466,4.14608,2.13741,3.92551,-0.185436,1
93.4677,4.14554,2.13748,3.90984,-0.185974,1
93.469,4.14515,2.13754,3.89808,-0.186706,1
93.4702,4.14476,2.13759,3.88633,-0.187253,1
93.4715,4.14436,2.13764,3.87442,-0.187803,1
93.4728,4.14397,2.1377,3.86267,-0.188364,1
93.4741,4.14356,2.13775,3.85092,-0.188921,1
93.4758,4.14303,2.13782,3.83525,-0.189473,1
93.4771,4.14263,2.13788,3.82335,-0.190234,1
93.4784,4.14224,2.13793,3.81161,-0.19081,1
93.4797,4.14185,2.13799,3.79986,-0.191383,1
93.4809,4.14145,2.13804,3.78812,-0.191959,1
93.4822,4.14105,2.1381,3.77622,-0.192538,1
93.4835,4.14065,2.13815,3.76448,-0.193129,1
93.4848,4.14025,2.1382,3.75274,-0.193715,1
93.4866,4.13973,2.13828,3.73709,-0.194299,1
93.4878,4.13933,2.13833,3.7252,-0.1951,1
93.4891,4.13894,2.13839,3.71347,-0.195708,1
93.4904,4.13854,2.13844,3.70173,-0.196311,1
93.4918,4.13814,2.13849,3.69,-0.196918,1
93.4931,4.13774,2.13855,3.67827,-0.197529,1
93.4944,4.13734,2.1386,3.66639,-0.198144,1
93.4961,4.13682,2.13868,3.65075,-0.198764,1
93.4974,4.13643,2.13873,3.63902,-0.199604,1
93.4987,4.13603,2.13879,3.6273,-0.200233,1
93.5,4.13562,2.13884,3.61542,-0.200866,1
93.5013,4.13522,2.1389,3.6037,-0.201511,1
93.5026,4.13483,2.13895,3.59198,-0.202152,1
93.5039,4.13444,2.13901,3.58026,-0.202798,1
93.5057,4.13391,2.13908,3.56449,-0.20344,1
93.507,4.13351,2.13913,3.55278,-0.20433,1
93.5083,4.13311,2.13919,3.54106,-0.20499,1
93.5096,4.13271,2.13924,3.52935,-0.205654,1
93.511,4.13231,2.1393,3.51749,-0.206323,1
93.5123,4.13192,2.13935,3.50578,-0.207006,1
93.5136,4.13153,2.13941,3.49407,-0.207685,1
93.5149,4.13113,2.13947,3.48237,-0.208368,1
93.5162,4.13073,2.13952,3.47067,-0.209055,1
93.518,4.1302,2.13959,3.45491,-0.209739,1
93.5193,4.1298,2.13965,3.44321,-0.210686,1
93.5207,4.12941,2.1397,3.43152,-0.21139,1
93.522,4.12902,2.13976,3.41982,-0.212098,1
93.5233,4.12862,2.13982,3.40798,-0.212812,1
93.5246,4.12822,2.13987,3.39628,-0.213539,1
93.526,4.12782,2.13993,3.38459,-0.214262,1
93.5278,4.12729,2.14,3.36901,-0.214983,1
93.5291,4.12689,2.14006,3.35717,-0.21597,1
93.5304,4.1265,2.14011,3.34549,-0.21672,1
93.5318,4.12611,2.14017,3.33381,-0.217466,1
93.5331,4.12571,2.14022,3.32213,-0.218217,1
93.5344,4.12531,2.14028,3.3103,-0.218973,1
93.5358,4.12491,2.14033,3.29862,-0.219745,1
93.5376,4.12438,2.14041,3.28306,-0.220504,1
93.5389,4.12399,2.14047,3.27139,-0.221544,1
93.5403,4.1236,2.14052,3.25957,-0.222324,1
93.5416,4.1232,2.14058,3.2479,-0.223121,1
93.543,4.1228,2.14063,3.23624,-0.223912,1
93.5443,4.1224,2.14069,3.22457,-0.22471,1
93.5457,4.122,2.14074,3.21291,-0.225513,1
93.5475,4.12147,2.14082,3.19722,-0.226315,1
93.5488,4.12108,2.14088,3.18556,-0.227422,1
93.5502,4.12069,2.14093,3.17391,-0.228245,1
93.5515,4.12029,2.14099,3.16226,-0.229075,1
93.5529,4.11988,2.14104,3.15046,-0.22991,1
93.5543,4.11949,2.1411,3.13881,-0.230763,1
93.5561,4.11896,2.14118,3.12329,-0.231604,1
93.5574,4.11857,2.14123,3.11165,-0.232753,1
93.5588,4.11818,2.14129,3.09986,-0.233617,1
93.5602,4.11778,2.14134,3.08822,-0.234498,1
93.5616,4.11737,2.1414,3.07659,-0.235374,1
93.5629,4.11697,2.14146,3.06496,-0.236258,1
93.5643,4.11658,2.14151,3.05318,-0.237148,1
93.5661,4.11606,2.14159,3.03768,-0.238049,1
93.5675,4.11566,2.14165,3.02606,-0.239264,1
93.5689,4.11526,2.1417,3.01444,-0.240178,1
93.5702,4.11486,2.14176,3.00267,-0.241098,1
93.5716,4.11446,2.14182,2.99106,-0.242038,1
93.573,4.11407,2.14187,2.97945,-0.242973,1
93.5744,4.11367,2.14193,2.96784,-0.243916,1
93.5758,4.11328,2.14199,2.95623,-0.244866,1
93.5776,4.11275,2.14206,2.94061,-0.245816,1
93.579,4.11235,2.14212,2.92901,-0.247125,1
93.5804,4.11195,2.14217,2.91741,-0.248101,1
93.5818,4.11155,2.14223,2.90582,-0.249084,1
93.5832,4.11116,2.14229,2.89408,-0.250076,1
93.5845,4.11077,2.14235,2.88249,-0.251089,1
93.5864,4.11024,2.14242,2.86705,-0.252089,1
93.5878,4.10984,2.14248,2.85546,-0.253453,1
93.5892,4.10944,2.14254,2.84374,-0.254479,1
93.5906,4.10904,2.14259,2.83216,-0.255528,1
93.592,4.10865,2.14265,2.82059,-0.256573,1
93.5934,4.10826,2.14271,2.80902,-0.257626,1
93.5948,4.10786,2.14277,2.79731,-0.258688,1
93.5962,4.10746,2.14282,2.78575,-0.259772,1
93.5981,4.10693,2.1429,2.77034,-0.260843,1
93.5995,4.10653,2.14295,2.75879,-0.262305,1
93.6009,4.10613,2.14301,2.74709,-0.263406,1
93.6023,4.10574,2.14307,2.73554,-0.264531,1
93.6037,4.10535,2.14313,2.724,-0.265651,1
93.6051,4.10495,2.14319,2.71246,-0.26678,1
93.6065,4.10455,2.14324,2.70077,-0.267919,1
93.6079,4.10415,2.1433,2.68924,-0.269083,1
93.6093,4.10375,2.14336,2.67771,-0.270242,1
93.6112,4.10323,2.14343,2.66235,-0.271404,1
93.6126,4.10284,2.14349,2.65083,-0.272986,1
93.614,4.10244,2.14355,2.63916,-0.27418,1
93.6155,4.10204,2.14361,2.62765,-0.275399,1
93.6169,4.10164,2.14366,2.61614,-0.276613,1
93.6183,4.10124,2.14372,2.60464,-0.277838,1
93.6198,4.10084,2.14378,2.59299,-0.279074,1
93.6216,4.10032,2.14386,2.57766,-0.280331,1
93.6231,4.09993,2.14392,2.56617,-0.282019,1
93.6245,4.09953,2.14397,2.55469,-0.283293,1
93.6259,4.09913,2.14403,2.54306,-0.284578,1
93.6274,4.09873,2.14409,2.53158,-0.285892,1
93.6288,4.09833,2.14415,2.52011,-0.287201,1
93.6302,4.09794,2.1442,2.50864,-0.288522,1
93.6317,4.09755,2.14426,2.49703,-0.289856,1
93.6336,4.09702,2.14434,2.48175,-0.291211,1
93.635,4.09662,2.1444,2.4703,-0.293032,1
93.6365,4.09621,2.14445,2.45885,-0.294407,1
93.6379,4.09582,2.14451,2.44726,-0.295796,1
93.6394,4.09543,2.14457,2.43583,-0.297215,1
93.6408,4.09503,2.14463,2.42439,-0.29863,1
93.6427,4.09451,2.14471,2.40916,-0.30005,1
93.6442,4.0941,2.14477,2.39759,-0.301983,1
93.6456,4.0937,2.14482,2.38617,-0.303463,1
93.6471,4.09331,2.14488,2.37476,-0.304937,1
93.6485,4.09291,2.14494,2.36336,-0.306426,1
93.65,4.09252,2.145,2.35196,-0.307929,1
93.6514,4.09213,2.14506,2.34042,-0.309447,1
93.6529,4.09173,2.14512,2.32903,-0.311,1
93.6549,4.09119,2.14519,2.31386,-0.31254,1
93.6563,4.09079,2.14525,2.30248,-0.314636,1
93.6578,4.0904,2.14531,2.29097,-0.31622,1
93.6592,4.09001,2.14537,2.27961,-0.317841,1
93.6607,4.08961,2.14543,2.26825,-0.319458,1
93.6621,4.08921,2.14549,2.2569,-0.32109,1
93.6641,4.08868,2.14556,2.24163,-0.322731,1
93.6656,4.08828,2.14562,2.2303,-0.324986,1
93.6671,4.08788,2.14568,2.21897,-0.326675,1
93.6685,4.08749,2.14574,2.20765,-0.328381,1
93.67,4.0871,2.1458,2.19619,-0.330105,1
93.6715,4.0867,2.14586,2.18488,-0.33187,1
93.673,4.0863,2.14592,2.17358,-0.33363,1
93.6744,4.0859,2.14598,2.16228,-0.335408,1
93.6764,4.08537,2.14605,2.14709,-0.337197,1
93.6779,4.08498,2.14611,2.13581,-0.339655,1
93.6794,4.08459,2.14617,2.12454,-0.341498,1
93.6808,4.08419,2.14623,2.11328,-0.34336,1
93.6823,4.08379,2.14629,2.10202,-0.345242,1
93.6838,4.08339,2.14635,2.09063,-0.347143,1
93.6853,4.08299,2.14641,2.07939,-0.349091,1
93.6868,4.08259,2.14647,2.06816,-0.351035,1
93.6888,4.08207,2.14655,2.0532,-0.352993,1
93.6903,4.08168,2.14661,2.04185,-0.355655,1
93.6918,4.08128,2.14666,2.03064,-0.357697,1
93.6933,4.08087,2.14672,2.01945,-0.359736,1
93.6948,4.08047,2.14678,2.00826,-0.361797,1
93.6963,4.08008,2.14684,1.99694,-0.363882,1
93.6983,4.07956,2.14692,1.98205,-0.36601,1
93.6998,4.07916,2.14698,1.9709,-0.368867,1
93.7013,4.07876,2.14704,1.95975,-0.371031,1
93.7028,4.07836,2.1471,1.94847,-0.37322,1
93.7043,4.07796,2.14716,1.93735,-0.375464,1
93.7058,4.07756,2.14722,1.92623,-0.377704,1
93.7073,4.07717,2.14728,1.91512,-0.379971,1
93.7093,4.07665,2.14736,1.90019,-0.382256,1
93.7108,4.07625,2.14742,1.88911,-0.385394,1
93.7124,4.07585,2.14748,1.87804,-0.38775,1
93.7139,4.07545,2.14754,1.86698,-0.390135,1
93.7154,4.07505,2.14759,1.85593,-0.392548,1
93.7169,4.07466,2.14765,1.84475,-0.39499,1
93.7184,4.07426,2.14771,1.83372,-0.397494,1
93.72,4.07387,2.14777,1.82271,-0.399995,1
93.722,4.07333,2.14785,1.80804,-0.402519,1
93.7235,4.07293,2.14791,1.79691,-0.405951,1
93.7251,4.07253,2.14797,1.78594,-0.40859,1
93.7266,4.07214,2.14803,1.77498,-0.411228,1
93.7281,4.07175,2.14809,1.76403,-0.413898,1
93.7296,4.07136,2.14815,1.75295,-0.416602,1
93.7312,4.07096,2.14821,1.74203,-0.419375,1
93.7327,4.07055,2.14827,1.73113,-0.422147,1
93.7348,4.07002,2.14835,1.7166,-0.424946,1
93.7363,4.06962,2.14841,1.70559,-0.428753,1
